bbrID,Date,Tm,Opp,TRB,AST,STL,BLK,PTS,GmSc,Year,Playoffs,GameIndex,GmScMovingZ,GmScMovingZTop2Delta,Date2,GmSc2,GmScMovingZ2
abdifa01w,2014-08-16,LAS,PHO,2,1,1,0,15,9.4,2014,false,33,3.45,1.23,2013-05-26,6.4,2.22
abrahta01w,1997-07-15,SAC,LAS,6,3,0,0,9,9.9,1997,false,9,3.1,0.84,1997-07-21,7.5,2.26
abrossv01w,2010-08-07,SEA,TUL,3,8,3,0,20,19.0,2010,false,245,3.44,0.43,2007-08-16,23.6,3.01
achonna01w,2018-06-12,IND,LVA,15,2,1,1,26,27.0,2018,false,101,2.92,0.34,2015-09-13,14.2,2.58
adairje01w,2011-10-05,MIN,ATL,2,0,0,3,13,13.6,2011,true,38,2.98,0.65,2011-09-11,11.2,2.33
adamsda01w,2013-09-15,SAS,ATL,8,1,2,0,39,33.6,2013,false,95,4.21,1.3,2011-06-11,27.0,2.91
ajavoma01w,2015-07-21,ATL,CHI,1,4,3,0,21,19.8,2015,false,251,3.75,0.4,2015-08-28,17.9,3.35
alaribe01w,2021-07-11,DAL,LVA,6,0,0,1,11,11.3,2021,false,41,2.55,0.59,2020-08-04,8.2,1.96
aldrima01w,2000-08-14,WAS,NYL,4,5,0,0,12,10.5,2000,true,61,3.09,0.07,2000-06-19,9.7,3.02
alexaka01w,2017-08-01,SAS,NYL,6,2,3,3,19,18.4,2017,false,145,3.15,0.26,2020-08-13,9.2,2.89
allemju01w,2020-09-08,IND,LVA,6,8,0,0,19,17.4,2020,false,19,2.29,0.12,2020-08-09,16.8,2.17
allenli01w,2018-06-08,LVA,ATL,0,7,4,0,9,13.1,2018,false,35,3.21,0.55,2020-08-18,12.2,2.66
allenre01w,2016-07-20,NYL,WAS,1,2,1,1,19,16.2,2016,false,13,3.66,0.64,2019-08-13,22.1,3.02
anderch01w,2006-07-18,SAS,HOU,6,2,3,1,17,18.1,2006,false,118,3.66,1.02,2004-07-12,9.5,2.64
anderke01w,2000-07-26,WAS,CHA,3,11,0,1,6,11.8,2000,false,22,3.08,0.17,2000-07-21,11.4,2.91
andrame01w,2002-06-25,CLE,MIA,4,4,1,0,11,12.1,2002,false,114,2.9,0.45,2000-06-19,14.9,2.45
anigwkr01w,2020-09-08,LAS,NYL,6,1,0,1,14,13.1,2020,false,41,3.43,1.16,2020-08-30,9.3,2.27
anosini01w,2010-08-03,MIN,CON,12,2,7,4,15,23.3,2010,false,88,2.83,0.48,2011-06-09,19.5,2.35
appelja01w,2013-08-11,SAS,SEA,16,3,0,6,11,20.8,2013,false,116,3.52,0.5,2010-07-24,13.1,3.02
arcaija01w,2005-07-26,HOU,WAS,3,4,1,0,23,21.0,2005,false,268,3.02,0.12,2000-05-31,18.3,2.9
askamma01w,2002-08-09,LAS,UTA,5,0,2,0,12,11.7,2002,false,175,3.8,0.6,2000-07-10,23.5,3.2
atkinar01w,2018-07-13,WAS,CHI,7,3,1,1,25,25.1,2018,false,18,2.67,0.47,2018-08-12,21.9,2.2
atkinla01w,2006-06-02,IND,MIN,3,4,1,1,15,14.8,2006,false,5,3.55,0.73,2006-08-08,11.4,2.82
atunrmo01w,2008-07-15,SAS,PHO,2,2,2,0,8,10.0,2008,false,22,3.06,0.22,2008-06-11,9.4,2.84
augusse01w,2011-10-05,MIN,ATL,8,3,0,0,36,31.9,2011,true,170,3.14,0.05,2017-09-12,22.6,3.09
azzije01w,1999-08-02,DET,WAS,7,4,4,0,22,23.1,1999,false,18,2.4,0.2,2003-08-12,17.5,2.2
badertr01w,2000-08-04,CLE,IND,0,1,3,0,8,8.3,2000,false,59,3.35,0.53,2000-08-21,7.0,2.82
bakersh01w,2007-06-24,LAS,SEA,4,8,5,0,15,15.0,2007,false,38,2.3,0.14,2007-07-05,13.7,2.16
balesal01w,2011-09-02,ATL,WAS,5,2,0,2,15,16.4,2011,false,123,2.72,0.05,2011-09-11,16.6,2.67
banhara01w,2020-09-12,MIN,IND,1,10,0,0,29,28.1,2020,false,132,4.67,1.17,2018-06-24,16.3,3.5
baranel01w,2004-07-24,NYL,DET,8,5,2,4,21,22.2,2004,false,167,2.51,0.05,2004-06-29,22.0,2.46
barksla01w,2003-07-10,SAS,SAC,6,0,0,0,22,16.2,2003,false,32,4.1,2.06,2002-06-20,8.7,2.04
barnead01w,1998-08-16,SAC,PHO,4,1,1,0,24,19.9,1998,false,27,4.54,1.89,2003-06-30,12.5,2.65
barnequ01w,2000-08-03,SEA,PHO,3,2,3,2,17,15.1,2000,false,44,3.35,0.42,2000-07-30,13.3,2.93
bassmi01w,2015-09-13,PHO,TUL,12,3,1,1,20,19.1,2015,false,266,4.05,1.03,2006-07-09,12.6,3.02
batkosu01w,2009-09-16,SEA,LAS,7,0,2,2,16,13.7,2009,true,52,2.51,0.4,2005-06-28,12.3,2.11
batteja01w,2006-08-13,DET,CON,2,1,0,0,4,5.1,2006,false,33,3.63,1.62,2006-07-30,2.9,2.01
battlas01w,2007-06-20,NYL,CON,4,2,4,0,18,19.7,2007,false,45,3.35,0.01,2006-08-05,21.4,3.34
bauerca01w,2000-07-24,CHA,IND,5,0,0,0,8,6.4,2000,false,45,2.78,0.06,2000-07-22,6.2,2.72
baughvi01w,2015-09-11,TUL,CHI,5,1,1,1,22,14.8,2015,false,65,3.08,0.77,2015-08-21,11.7,2.31
beardal01w,2016-10-14,LAS,MIN,4,7,2,1,15,18.3,2016,true,365,2.96,0.08,2004-07-18,27.6,2.88
bentlal01w,2018-08-07,ATL,LVA,2,8,2,0,22,21.9,2018,false,196,3.01,0.39,2015-08-07,25.0,2.62
berthlu01w,2003-07-17,CLE,MIN,5,0,1,1,15,11.8,2003,false,18,2.98,0.59,2003-06-07,10.1,2.39
beviltu01w,2011-09-06,SAS,LAS,5,1,1,0,11,10.6,2011,false,430,3.26,0.12,2010-08-10,12.7,3.14
biasti01w,2016-07-22,DAL,ATL,2,1,1,0,10,7.9,2016,false,39,3.72,1.12,2016-09-18,6.0,2.6
bibrzag01w,2006-06-16,SAS,MIN,5,2,2,0,20,19.1,2006,false,31,2.18,0.15,2006-07-03,18.2,2.03
billimo01w,2020-07-26,ATL,DAL,13,2,1,2,30,27.7,2020,false,66,4.38,1.66,2021-08-26,20.4,2.72
birdsu01w,2011-07-30,SEA,TUL,6,7,2,0,29,30.7,2011,false,338,2.94,0.05,2002-08-09,28.8,2.89
bishoab01w,2015-07-29,SEA,WAS,5,1,0,1,17,12.5,2015,false,34,2.92,0.6,2015-06-14,10.3,2.32
blackch01w,2010-05-23,TUL,MIN,17,1,0,6,10,17.6,2010,false,35,3.39,0.54,2012-08-21,13.4,2.85
blackde01w,2002-06-11,MIA,CLE,9,5,2,0,14,19.0,2002,false,104,2.83,0.06,2001-08-11,19.3,2.77
bladerh01w,1998-06-15,DET,CLE,0,4,0,0,11,8.5,1998,false,30,3.04,0.48,1997-07-23,7.4,2.56
blodgci01w,2001-07-03,SAC,MIN,1,1,1,0,19,15.8,2001,false,60,4.69,1.52,1998-06-22,10.1,3.17
blueni01w,2007-07-20,WAS,MIN,2,1,5,0,12,12.8,2007,false,44,3.16,0.02,2007-06-26,12.6,3.14
blueoc01w,2004-09-14,HOU,MIN,7,2,1,0,10,10.3,2004,false,56,3.3,0.36,2004-09-19,9.6,2.94
bobbish01w,2011-09-09,IND,NYL,1,7,4,0,16,20.3,2011,false,97,4.35,1.42,2008-07-22,13.4,2.93
boltoru01w,2002-07-07,SAC,POR,5,2,6,0,21,22.4,2002,false,142,3.06,0.13,1997-08-08,32.1,2.93
bondla01w,2006-06-01,CHA,CON,3,2,1,1,14,11.7,2006,false,3,2.44,0.11,2006-08-03,10.2,2.33
boneke01w,2015-06-19,CON,PHO,14,3,0,2,27,24.2,2015,false,73,3.04,0.05,2013-07-04,18.5,2.99
bonnede01w,2020-07-30,CON,LAS,14,6,1,0,34,33.3,2020,false,387,3.02,0.02,2010-06-04,25.5,3
boydbr01w,2018-07-15,NYL,CHI,1,10,4,0,14,18.5,2018,false,82,2.58,0.01,2016-09-03,19.3,2.57
boydca01w,2001-06-17,DET,MIN,3,1,0,0,14,10.6,2001,false,68,2.47,0.25,1998-07-22,13.2,2.22
boyetim01w,2018-07-01,ATL,IND,5,2,2,0,13,14.6,2018,false,79,3.27,0.27,2019-08-03,14.8,3
bradfcr01w,2021-07-02,ATL,SEA,3,7,4,0,17,16.5,2021,false,30,2.54,0.46,2021-06-29,14.3,2.08
braxtja01w,1997-08-23,CLE,NYL,8,1,4,3,19,21.2,1997,false,23,2.08,0.19,1997-07-28,20.5,1.89
braxtka01w,2009-07-22,DET,ATL,12,3,1,2,25,25.7,2009,false,170,3.65,0.55,2005-07-05,18.6,3.1
brazian01w,2001-07-20,IND,WAS,7,0,1,2,10,11.3,2001,false,44,2.36,0.02,2001-07-06,11.2,2.34
brelaje01w,2014-06-22,CHI,TUL,10,5,1,7,26,28.2,2014,false,53,3.66,0.03,2018-07-11,25.5,3.63
brogami01w,2000-06-14,PHO,POR,7,1,1,0,18,18.8,2000,false,42,2.22,0.35,1998-09-01,17.3,1.87
brondsa01w,2002-07-05,MIA,CHA,4,3,1,0,23,18.8,2002,false,107,2.6,0.09,2003-06-28,16.9,2.51
brownci01w,1998-06-29,DET,CHA,16,1,1,2,19,23.0,1998,false,8,2.39,0.76,1998-08-07,17.2,1.63
brownco01w,2003-06-26,IND,CON,3,4,2,0,26,24.7,2003,false,10,3.76,1.05,2003-06-20,19.2,2.71
browned01w,2003-05-22,PHO,SAC,6,4,3,0,15,12.2,2003,false,92,2.42,0.04,2000-06-16,15.7,2.38
brownka01w,2019-08-22,LAS,IND,4,1,1,1,10,11.6,2019,false,20,2.61,0.63,2019-06-27,9.6,1.98
brownki01w,2004-07-21,WAS,LAS,6,7,2,0,5,9.7,2004,false,65,3.01,0.21,2007-08-07,15.6,2.8
brownle02w,2020-08-07,MIN,IND,6,9,4,0,26,27.9,2020,false,59,4.22,1.64,2022-07-07,17.4,2.58
brownru01w,2000-07-08,CLE,CHA,3,0,0,3,24,17.3,2000,false,105,2.27,0.04,2003-07-26,11.3,2.23
brumfma01w,2000-07-23,MIN,POR,4,1,1,0,14,12.8,2000,false,23,3.25,0.34,2003-07-10,9.1,2.91
brungje01w,2004-09-29,CON,WAS,3,1,1,0,6,8.5,2004,true,35,4.12,1.47,2004-06-25,6.1,2.65
brunsre01w,2009-09-01,SAC,CON,13,0,0,2,32,30.7,2009,false,214,3.43,0.74,2013-08-22,26.0,2.69
bullevi01w,2001-07-01,WAS,ORL,9,3,3,3,24,26.7,2001,false,143,3.33,0.2,2002-07-18,24.5,3.13
burdici01w,2015-07-12,ATL,NYL,4,2,1,1,12,10.8,2015,false,6,3.06,0.42,2017-05-13,8.7,2.64
burgean01w,2002-06-04,WAS,UTA,3,5,1,0,15,15.7,2002,false,58,2.8,0.3,2001-08-03,14.0,2.5
burgehe01w,1997-07-11,LAS,UTA,9,0,3,2,14,15.6,1997,false,5,3.17,0.16,1998-08-04,15.4,3.01
burgeli01w,1998-08-15,SAC,UTA,10,2,4,0,33,33.0,1998,false,55,5.42,2.7,1997-07-11,17.6,2.72
burkeke01w,2020-08-20,IND,SEA,3,0,2,0,23,18.8,2020,false,42,3.87,1.02,2020-08-25,14.8,2.85
burraal01w,2002-07-19,POR,HOU,10,0,0,0,19,16.5,2002,false,99,2.63,0.07,2000-06-28,16.7,2.56
burseja01w,2003-08-02,MIN,SEA,12,0,0,4,20,18.8,2003,false,70,3.16,0.32,2003-08-20,17.1,2.84
byearla01w,2006-05-27,WAS,MIN,14,2,4,1,20,21.7,2006,false,203,3.87,0.51,2007-08-04,15.5,3.36
cambael01w,2018-07-17,DAL,NYL,10,2,1,5,53,52.9,2018,false,74,4.35,1.78,2018-08-17,37.2,2.57
campbed01w,2003-07-31,SAC,LAS,2,4,0,1,14,13.5,2003,false,106,2.58,0.26,2005-05-31,7.3,2.32
canadjo01w,2022-05-06,LAS,CHI,4,8,2,0,21,20.7,2022,false,129,3.23,0.21,2019-07-12,23.4,3.02
cannoem01w,2020-10-04,LVA,SEA,5,2,0,0,17,13.9,2020,true,43,2.97,0.06,2017-05-27,13.3,2.91
cantydo01w,2003-06-10,HOU,SAC,10,6,1,0,14,17.1,2003,false,122,3.11,0.23,2000-06-16,23.9,2.88
careyja01w,2006-08-08,CON,CHI,1,0,1,0,13,11.1,2006,false,41,3.11,0.43,2008-07-15,13.7,2.68
carlebr01w,2020-08-05,MIN,NYL,7,3,1,0,25,20.0,2020,false,12,2.87,0.49,2020-08-21,16.7,2.38
carridi01w,2021-09-15,CON,NYL,5,2,3,1,14,14.4,2021,false,22,2.35,0,2022-07-19,15.9,2.35
carsoes01w,2009-09-10,NYL,DET,2,3,2,0,28,19.9,2009,false,72,3.04,0.04,2009-09-13,19.6,3
cartech01w,2020-08-06,ATL,SEA,3,7,2,1,35,28.0,2020,false,5,2.87,1.21,2021-05-27,18.9,1.66
cartede01w,1997-06-23,UTA,LAS,1,2,0,0,16,11.8,1997,false,1,2.83,0.88,1998-06-13,8.1,1.95
cartesy01w,2015-07-12,ATL,NYL,2,4,1,0,12,10.6,2015,false,44,2.96,0.05,2013-07-02,12.3,2.91
cashsw01w,2016-07-17,NYL,CON,6,2,2,1,16,14.6,2016,false,523,2.93,0.16,2012-09-09,20.3,2.77
castriz01w,2011-09-25,ATL,IND,5,3,1,0,30,20.2,2011,true,287,3.61,0.72,2005-06-15,17.2,2.89
catchta01w,2013-06-28,IND,TUL,5,3,6,4,28,31.8,2013,false,400,2.87,0.38,2003-08-22,31.6,2.49
charlka01w,2021-06-22,CON,DAL,12,2,3,1,12,15.9,2021,false,39,2.9,0.84,2021-06-13,12.0,2.06
charlti01w,2013-06-12,CON,IND,10,3,1,3,30,27.9,2013,false,112,2.52,0.01,2014-07-06,29.9,2.51
chaseso01w,1999-07-23,CHA,HOU,3,2,1,0,6,5.8,1999,false,29,2.53,0.55,1998-08-19,4.7,1.98
chongsa01w,2017-06-11,DAL,MIN,1,2,1,0,10,8.4,2017,false,9,2.38,0.15,2017-06-16,8.0,2.23
chriska01w,2003-08-22,PHO,SAS,4,0,2,1,16,14.1,2003,false,58,3.01,0.29,2002-07-03,13.7,2.72
chriska02w,2014-06-22,IND,MIN,8,3,5,2,18,22.8,2014,false,113,3.27,0.57,2015-07-11,24.0,2.7
chrissh01w,2013-09-15,SAS,ATL,2,0,0,1,24,14.4,2013,false,291,3.02,0.05,2009-07-19,29.6,2.97
clarela01w,2017-07-07,ATL,IND,8,6,2,0,27,26.7,2017,false,156,3.12,0.2,2016-06-12,23.3,2.92
clarkal01w,2016-06-05,SEA,NYL,6,1,1,0,23,24.0,2016,false,131,3.75,0.93,2018-06-07,22.1,2.82
clemeco01w,2014-08-17,CHI,SAS,1,3,1,0,17,14.1,2014,false,61,4.14,0.44,2014-05-24,11.1,3.7
clinest01w,2000-06-28,SAC,MIN,3,8,1,0,9,11.8,2000,false,11,3.47,0.22,2000-05-31,12.0,3.25
cloudna01w,2016-06-24,WAS,PHO,2,5,2,0,18,17.4,2016,false,48,3.16,0.11,2019-06-07,24.8,3.05
coateal01w,2019-07-02,MIN,ATL,9,1,0,1,10,10.7,2019,false,42,2.69,0.46,2018-08-10,9.1,2.23
coffeni01w,2018-05-27,LVA,SEA,3,1,1,0,23,15.7,2018,false,29,4.58,1.93,2021-05-30,14.9,2.65
colemma01w,2018-05-29,NYL,DAL,4,2,4,1,12,15.4,2018,false,328,2.84,0.16,2017-08-20,16.3,2.68
colleka01w,2000-07-19,MIA,POR,4,0,1,0,19,12.6,2000,false,79,2.58,0.15,1998-08-14,13.2,2.43
collich01w,2021-07-11,DAL,LVA,8,0,1,0,13,12.0,2021,false,19,3.04,0.15,2021-06-24,11.5,2.89
collina01w,2019-05-25,MIN,CHI,6,0,2,3,27,25.5,2019,false,0,2.09,0.11,2020-08-31,27.0,1.98
colsosy01w,2019-07-13,LVA,WAS,0,3,4,0,17,16.4,2019,false,129,3.81,0.91,2016-07-10,12.8,2.9
congran01w,1998-07-12,CHA,NYL,10,3,0,1,23,24.3,1998,false,42,3.65,1.36,1999-08-20,14.4,2.29
coopecy01w,1997-08-11,HOU,CHA,5,4,8,0,39,42.0,1997,false,21,3.11,0.61,1997-07-25,37.6,2.5
coopete01w,2021-06-24,LAS,WAS,3,4,2,0,26,24.0,2021,false,32,3.52,1.6,2021-09-19,16.3,1.92
coppeka01w,2018-07-20,CHI,DAL,2,0,0,0,23,19.4,2018,false,86,3.46,0.91,2016-07-10,13.1,2.55
coxla01w,2021-08-31,LAS,IND,2,2,2,0,14,15.5,2021,false,35,3.78,1.97,2020-08-11,9.0,1.81
crawlsy01w,2000-06-08,POR,UTA,6,0,1,2,25,18.4,2000,false,3,1.95,0.09,2003-08-22,10.2,1.86
cruzan01w,2014-07-01,NYL,TUL,5,5,2,0,17,19.9,2014,false,16,2.53,0.14,2014-08-03,18.8,2.39
cunniso01w,2022-07-12,PHO,MIN,7,2,5,1,36,33.6,2022,false,110,4.08,0.81,2019-06-28,16.2,3.27
currimo01w,2017-08-10,PHO,DAL,5,6,4,2,29,27.4,2017,false,383,3.12,0.17,2017-05-14,25.8,2.95
dalesst01w,2003-05-23,WAS,CHA,4,8,2,0,20,24.6,2003,false,36,3.09,0.19,2006-07-28,19.2,2.9
daleygr01w,2002-06-11,HOU,CHA,3,1,1,1,19,16.5,2002,false,51,4.19,1.3,2000-06-28,14.6,2.89
dangecr01w,2020-08-09,MIN,LAS,2,4,2,0,29,22.7,2020,false,6,2.41,0.02,2022-07-31,13.9,2.39
dantada01w,2020-09-02,MIN,CHI,7,0,3,0,28,26.0,2020,false,161,2.88,0.24,2015-09-09,17.7,2.64
darlihe01w,2004-09-01,MIN,HOU,2,8,2,0,14,16.5,2004,false,135,3.49,0.56,2004-07-03,13.9,2.93
davenje01w,2008-09-09,NYL,SAS,9,2,0,1,15,14.7,2008,false,45,3.39,0.48,2011-06-28,20.1,2.91
daviska01w,2017-05-14,DAL,PHO,4,4,2,0,20,19.0,2017,false,0,3.23,0.06,2017-07-16,16.7,3.17
deforan01w,2007-08-25,IND,CON,7,1,3,0,26,27.3,2007,true,199,3.43,0.65,2007-08-15,23.5,2.78
delleel01w,2015-06-24,CHI,ATL,11,0,2,6,45,38.7,2015,false,63,2.74,0.27,2016-07-05,34.9,2.47
derevje01w,2006-06-09,PHO,DET,4,4,1,0,13,13.3,2006,false,68,3.86,1.52,2004-06-14,4.3,2.34
deshidi01w,2021-09-19,CHI,IND,7,6,2,1,30,27.1,2021,false,114,3.57,1.53,2021-06-01,19.5,2.04
desouer01w,2011-06-30,ATL,NYL,15,1,1,0,27,26.4,2011,false,143,2.92,0.15,2009-07-17,26.7,2.77
dickeke01w,2000-07-05,MIN,SEA,7,1,1,1,15,11.5,2000,false,15,2.48,0.24,2000-08-04,10.6,2.24
dietrbl01w,2018-06-27,ATL,CHI,4,2,1,0,12,9.1,2018,false,11,4.25,0.84,2020-09-09,17.7,3.41
diggisk01w,2018-07-08,DAL,NYL,7,5,1,0,32,31.9,2018,false,154,2.59,0.19,2018-06-08,30.3,2.4
dillata01w,2004-07-09,SAS,LAS,1,1,0,0,11,9.1,2004,false,31,2.89,0.22,2004-09-09,8.8,2.67
dixonta01w,2003-07-09,LAS,WAS,3,3,2,0,28,24.8,2003,false,208,2.76,0.02,2007-07-20,18.2,2.74
dolsost01w,2022-06-01,NYL,IND,8,7,0,3,16,21.4,2022,false,261,3.35,0.57,2019-07-21,21.6,2.78
dorresc01w,2012-06-08,TUL,CHI,3,1,4,0,17,12.8,2012,false,219,2.79,0.17,2008-07-22,12.7,2.62
dossaci01w,2002-07-06,ORL,PHO,2,0,0,0,18,15.2,2002,false,55,3.07,0.47,2000-07-19,15.9,2.6
dossacl01w,2016-09-30,CHI,LAS,8,1,6,0,15,15.9,2016,true,56,3.21,0.96,2016-09-13,11.6,2.25
douglka01w,2010-08-08,IND,PHO,7,6,3,1,28,29.7,2010,false,345,3.01,0.59,2009-07-28,26.1,2.42
duffyme01w,2006-07-30,MIN,NYL,1,0,0,0,13,8.2,2006,false,23,2.58,0.02,2006-05-31,8.4,2.56
dupreca01w,2016-06-26,PHO,NYL,8,1,2,0,26,25.0,2016,false,354,2.83,0.03,2015-08-02,26.6,2.8
durras01w,2022-06-24,ATL,NYL,3,1,2,0,23,19.3,2022,false,32,2.98,1.03,2019-06-19,14.3,1.95
dydekma01w,2003-08-23,SAS,LAS,9,2,0,5,27,23.2,2003,false,196,2.73,0.26,2007-08-14,18.6,2.47
edwarmi01w,2000-08-08,SEA,LAS,6,2,0,0,20,15.5,2000,false,98,3.05,0.22,1998-07-30,18.7,2.83
edwarsi01w,2005-06-26,SEA,MIN,1,0,1,0,11,10.7,2005,false,169,3.48,0.28,2003-08-17,15.6,3.2
edwarte01w,2003-07-16,MIN,SAS,7,7,1,1,15,17.4,2003,false,17,2.64,0.27,2004-09-10,14.2,2.37
edwarto01w,2002-07-01,CHA,PHO,3,3,2,0,14,12.6,2002,false,115,2.8,0.29,2001-08-20,12.1,2.51
elysh01w,2009-08-18,CHI,PHO,4,0,0,3,26,20.5,2009,false,132,3.99,1.02,2008-06-13,10.1,2.97
enissh01w,2003-07-03,CHA,DET,8,0,2,0,29,25.5,2003,false,100,3.61,1.09,2000-06-20,16.3,2.52
erbsu01w,2000-06-18,CHA,LAS,8,0,0,1,21,18.4,2000,false,8,3.94,0.52,2001-08-11,13.7,3.42
evansda02w,2022-05-06,CHI,LAS,0,5,4,0,24,19.2,2022,false,38,4.04,1.86,2021-08-29,11.8,2.18
fagbete01w,2018-08-21,MIN,LAS,4,1,1,0,15,14.7,2018,true,53,3.21,0.98,2018-07-11,10.1,2.23
fallotr01w,2001-08-11,PHO,POR,5,3,4,0,24,21.9,2001,false,55,2.69,1.15,2001-07-29,14.2,1.54
fariske01w,2013-08-14,CON,ATL,7,2,0,1,11,13.6,2013,false,21,5.11,2.36,2015-07-12,9.7,2.75
farriba01w,2006-07-30,NYL,MIN,4,0,3,1,20,19.2,2006,false,210,3.72,0.09,2008-06-26,11.2,3.63
faulkja01w,2014-07-01,CHI,LAS,3,2,1,0,27,20.2,2014,false,15,3.27,0.54,2015-09-06,17.1,2.73
feastal01w,2008-07-22,IND,CHI,5,1,1,0,11,9.7,2008,false,292,3.36,0.62,2001-06-07,19.2,2.74
ferdima01w,2007-08-25,SAS,SAC,7,2,5,0,17,16.5,2007,true,188,2.88,0.48,2003-07-01,24.2,2.4
figgsuk01w,2000-06-20,LAS,HOU,1,8,2,0,12,17.3,2000,false,31,2.81,0.63,2002-07-02,18.2,2.18
fijalis01w,1997-08-02,CLE,SAC,9,2,3,2,22,21.7,1997,false,18,2.23,0.55,1997-06-26,17.4,1.68
flukety01w,2008-06-18,CHI,LAS,4,1,0,1,10,9.6,2008,false,55,3.03,0.46,2008-07-10,7.9,2.57
folklkr01w,2000-06-05,MIN,DET,12,5,2,4,19,26.8,2000,false,35,3.69,1.13,1999-08-20,20.2,2.56
fordch01w,2004-05-22,DET,SAS,22,2,2,1,21,26.5,2004,false,40,3.1,0.57,2008-06-22,21.7,2.53
fordki01w,1998-08-13,NYL,WAS,3,0,1,0,19,15.0,1998,false,56,3.44,0.89,1997-07-17,10.0,2.55
fosteto01w,1997-08-04,PHO,SAC,8,3,2,1,16,16.4,1997,false,17,2.16,0.34,1997-06-22,16.4,1.82
fowlesy01w,2021-08-24,MIN,SEA,20,1,4,3,29,35.1,2021,false,410,3.27,0.4,2013-08-02,35.0,2.87
francca01w,2017-07-28,PHO,CHI,14,1,3,1,14,16.5,2017,false,56,3.62,0.88,2015-09-13,14.0,2.74
frankaq01w,2008-06-06,SAC,DET,1,4,2,0,5,6.1,2008,false,5,2.28,0.31,2008-09-09,5.4,1.97
frazeme01w,2009-07-17,SAS,CON,9,1,0,1,14,13.6,2009,false,10,2.44,0.22,2009-07-23,12.6,2.22
frettla01w,2001-06-19,SAC,NYL,7,0,1,0,17,13.8,2001,false,71,3.1,0.17,2004-09-26,11.8,2.93
frohlli01w,2003-07-01,NYL,CON,4,1,1,0,8,8.3,2003,false,26,2.65,0.12,2006-07-18,8.8,2.53
gardike01w,2009-09-13,CON,IND,8,5,1,0,23,20.8,2009,false,69,3.76,1.13,2009-06-19,16.9,2.63
gardnan01w,2002-07-19,UTA,ORL,6,1,0,0,14,14.5,2002,false,19,4.68,2.46,2008-09-06,8.3,2.22
gatlima01w,2015-08-14,SEA,CHI,5,0,0,0,16,11.7,2015,false,49,3.14,0.07,2014-06-10,12.7,3.07
gearlka01w,2007-06-12,SEA,CHI,6,1,1,3,17,21.2,2007,false,6,3.95,0.75,2008-09-09,14.7,3.2
gemelja01w,2020-09-02,WAS,SEA,2,2,0,0,10,6.6,2020,false,28,2.06,0.19,2015-09-06,6.1,1.87
gibsoke01w,2002-06-15,HOU,MIN,4,2,1,0,13,12.6,2002,false,55,3.61,0.59,2002-06-13,10.7,3.02
gilbrbr01w,2012-09-01,PHO,SAS,5,0,0,1,13,11.0,2012,false,3,2.06,0.04,2013-06-25,10.6,2.02
gilloje01w,2000-06-14,PHO,POR,7,3,0,0,28,24.0,2000,false,103,2.7,0.09,2000-08-01,23.4,2.61
goodlsa01w,2014-05-16,CHI,IND,10,2,0,2,9,9.2,2014,false,52,2.77,0.3,2014-06-10,8.0,2.47
goodran01w,2015-09-11,SEA,MIN,2,5,3,0,11,10.9,2015,false,80,2.72,0.13,2013-09-08,11.9,2.59
goodsad01w,2002-06-25,UTA,POR,5,3,4,0,30,31.1,2002,false,101,3.67,0.64,2004-09-17,24.6,3.03
gordobr01w,1997-07-30,SAC,NYL,4,3,1,0,23,17.9,1997,false,15,2.16,0.26,1997-08-10,16.4,1.9
gortmsh01w,2003-06-20,MIN,CHA,5,2,1,0,11,10.5,2003,false,37,2.93,0.42,2002-07-03,9.4,2.51
grayal01w,2022-06-19,DAL,LAS,12,6,3,0,20,20.3,2022,false,165,2.06,0.06,2019-08-01,20.2,2
graych01w,2021-05-28,LVA,IND,4,12,5,0,19,25.8,2021,false,220,2.77,0.26,2022-08-04,26.3,2.51
graylal01w,2011-09-08,PHO,TUL,1,2,0,0,12,10.8,2011,false,24,2.57,0,2012-07-10,11.2,2.57
grayre01w,2021-07-05,NYL,DAL,6,1,2,1,11,13.2,2021,false,109,3.28,0.13,2016-07-22,17.6,3.15
greenka01w,2013-07-24,CON,ATL,4,1,4,0,14,17.1,2013,false,126,3.33,0.47,2012-06-19,14.9,2.86
grginve01w,2001-06-22,LAS,CLE,3,0,0,0,12,9.2,2001,false,31,3.31,0.52,2001-06-17,7.9,2.79
griffke01w,2011-08-16,CON,MIN,3,3,2,0,14,15.9,2011,false,57,3.22,0.24,2013-08-25,19.3,2.98
griffyo01w,2003-09-02,SAC,HOU,17,1,1,1,27,29.0,2003,true,153,2.64,0.09,2001-06-07,35.8,2.55
grinebr01w,2014-06-18,PHO,MIN,18,2,0,2,27,27.5,2014,false,42,2.65,0.24,2014-06-20,26.2,2.41
groomla01w,2004-06-19,SAC,DET,2,5,0,0,10,10.8,2004,false,240,4.25,0.8,2000-07-27,14.9,3.45
grubigo01w,2002-06-28,PHO,LAS,7,5,2,1,23,21.3,2002,false,103,3.01,0.6,1999-08-05,19.6,2.41
grudasa01w,2009-07-30,CON,IND,10,3,3,1,19,18.5,2009,false,42,1.98,0.09,2010-07-14,17.7,1.89
gulima01w,2019-08-13,ATL,LVA,12,2,0,2,15,17.8,2019,false,45,4.8,2.65,2019-09-05,9.3,2.15
gustame01w,2019-07-30,DAL,LVA,8,1,0,1,11,10.7,2019,false,10,2.48,0.01,2021-09-07,9.9,2.47
guytowa01w,1997-08-21,HOU,CLE,10,0,3,0,10,15.1,1997,false,23,2.58,0.13,1997-07-14,14.5,2.45
gwathja01w,2016-08-28,SAS,WAS,4,1,1,0,16,15.7,2016,false,12,3.56,1.05,2017-07-30,11.3,2.51
hagiwmi01w,1997-07-07,SAC,UTA,2,0,0,0,9,8.1,1997,false,6,2.95,0.91,1997-08-12,5.9,2.04
hallvi01w,2000-07-28,CLE,DET,6,2,0,1,19,15.4,2000,false,24,3.21,0.44,2000-07-03,14.4,2.77
hambyde01w,2018-06-03,LVA,CHI,6,2,0,3,24,23.8,2018,false,95,3.21,0.32,2019-07-23,26.4,2.89
hammobe01w,2001-06-21,NYL,PHO,4,3,1,0,21,21.9,2001,false,84,2.79,0.02,2011-09-06,30.6,2.77
hamptke01w,2017-07-18,CHI,SEA,1,0,1,0,14,11.7,2017,false,45,2.87,0.27,2016-09-16,9.9,2.6
hamptky01w,1997-08-24,NYL,CLE,6,5,3,1,21,20.2,1997,false,27,2.54,0.48,1999-07-29,15.2,2.06
hamsoje01w,2015-09-11,LAS,PHO,7,1,2,1,12,12.1,2015,false,24,2.99,0.52,2017-07-30,10.3,2.47
hardeal01w,2016-07-16,PHO,SAS,5,3,0,0,12,10.3,2016,false,53,3.83,0.71,2015-06-14,9.2,3.12
hardili01w,2016-07-16,PHO,SAS,3,3,1,0,16,14.7,2016,false,278,3.35,0.01,2013-06-23,27.9,3.34
harpela01w,2008-07-26,SAC,IND,5,0,3,0,11,13.0,2008,false,25,2.41,0.04,2009-08-28,12.6,2.37
harriam01w,2013-06-06,MIN,PHO,6,3,1,3,18,15.2,2013,false,65,3.98,1.43,2012-06-27,11.1,2.55
harrifr01w,1997-06-28,HOU,UTA,4,0,3,1,13,12.1,1997,false,3,2.53,0.23,1997-06-26,11.3,2.3
harriis01w,2017-08-12,SAS,ATL,7,4,2,2,23,25.5,2017,false,57,2.83,0.14,2017-06-15,22.0,2.69
harrili01w,2002-06-26,PHO,SEA,10,2,1,0,22,21.9,2002,false,107,3.85,0.62,1999-08-15,21.3,3.23
harrity01w,2022-08-04,DAL,LVA,0,6,1,0,15,16.0,2022,false,83,3.21,0.79,2021-06-01,14.2,2.42
harrokr01w,1999-07-17,PHO,LAS,6,5,2,0,20,20.2,1999,false,50,3.89,0.78,2005-06-26,15.3,3.11
hartlbr01w,2020-08-02,PHO,NYL,5,4,2,0,27,24.5,2020,false,182,3.41,0.33,2020-07-29,22.5,3.08
hawkiti01w,2013-06-22,SEA,TUL,4,0,1,0,17,13.9,2013,false,7,3.13,0.27,2021-06-17,16.9,2.86
haydeva01w,2006-07-28,MIN,CHI,8,3,0,1,18,17.1,2006,false,86,2.82,0.39,2004-09-11,16.0,2.43
hayesti01w,2014-07-31,ATL,TUL,3,1,2,0,27,23.4,2014,false,93,2.43,0.04,2016-06-30,25.6,2.39
haynikr01w,2008-07-05,ATL,CHI,2,11,2,0,11,19.6,2008,false,134,3.89,1.13,2006-09-09,14.0,2.76
headde01w,1998-08-04,UTA,HOU,2,3,1,0,10,11.2,1998,false,49,2.27,0.05,1997-08-02,12.9,2.22
hebarru01w,2020-09-11,CHI,DAL,8,2,1,2,22,22.4,2020,false,21,3.33,1.3,2021-06-19,14.3,2.03
hendetr01w,1999-07-16,CLE,SAC,4,1,2,1,7,8.1,1999,false,14,3,0.17,1999-06-26,7.9,2.83
henniso01w,2000-07-27,SEA,LAS,3,5,3,1,19,19.3,2000,false,62,3.21,0.05,2002-08-06,11.7,3.16
henryan01w,2013-10-06,ATL,MIN,14,1,1,2,14,18.0,2013,true,76,3.41,0.72,2015-07-21,13.5,2.69
herriam01w,2000-08-09,UTA,LAS,4,3,1,2,12,12.5,2000,false,24,2.71,0.41,2000-08-05,11.1,2.3
hicksje01w,2003-07-17,CON,SEA,8,1,1,1,12,15.4,2003,false,129,3.18,0.7,2001-06-25,12.3,2.48
hiedena01w,2021-05-19,CON,IND,3,6,3,0,19,16.8,2021,false,58,2.61,0.26,2022-05-26,18.7,2.35
hightal01w,2013-07-02,CON,TUL,2,6,1,0,18,19.2,2013,false,95,2.73,0.17,2013-07-14,18.3,2.56
hillta01w,2013-06-23,WAS,LAS,2,4,0,0,16,15.9,2013,false,7,2.54,0.37,2013-09-13,14.6,2.17
hinesmy01w,2018-05-27,WAS,MIN,13,0,1,1,15,17.4,2018,false,3,4.03,0.98,2020-08-21,31.9,3.05
hledeko01w,2000-07-14,UTA,PHO,3,4,1,0,20,18.4,2000,false,79,2.45,0.22,2000-07-01,17.2,2.23
hodgedo01w,2005-08-05,LAS,SAS,3,8,1,0,17,16.7,2005,false,48,3.2,0.23,2005-07-19,15.7,2.97
hodgero01w,2011-06-10,SAS,TUL,4,0,0,0,19,18.0,2011,false,177,3.05,0,2013-05-27,20.3,3.05
hoffmeb01w,2008-06-24,IND,SAC,13,3,4,1,23,25.5,2008,false,149,3.67,0.26,2011-07-26,22.7,3.41
holdsch01w,2000-07-20,WAS,IND,9,2,8,0,30,30.9,2000,false,52,2.97,0.48,2000-05-31,27.3,2.49
hollake01w,2001-06-21,SAC,UTA,5,3,2,2,26,25.7,2001,false,76,2.97,0.13,2001-07-03,25.1,2.84
holliqu01w,2009-08-01,MIN,PHO,6,0,0,1,17,13.7,2009,false,19,3.34,0.65,2009-09-11,11.1,2.69
hollira01w,2016-09-11,ATL,PHO,7,2,0,0,7,6.1,2016,false,28,2.82,1.32,2016-07-20,3.6,1.5
holmebr01w,2021-06-03,LAS,IND,7,3,2,0,14,14.9,2021,false,132,2.94,0.36,2016-09-21,18.2,2.58
holmejo02w,2020-09-05,NYL,PHO,13,0,0,0,13,9.0,2020,false,14,2.57,0.09,2022-06-08,8.7,2.48
holmese01w,2017-08-10,SAS,CHI,1,1,1,1,14,12.1,2017,false,52,2.94,0.05,2017-07-20,11.2,2.89
holtam01w,2008-06-24,CON,DET,8,2,0,0,19,20.0,2008,false,13,3.25,0.63,2010-05-25,18.4,2.62
hoopejo01w,2015-09-11,TUL,CHI,4,0,0,1,16,12.5,2015,false,66,2.74,0.04,2017-08-25,10.3,2.7
hornbal01w,2012-09-14,PHO,TUL,3,3,2,2,13,15.4,2012,false,169,3.1,0.77,2013-09-26,7.2,2.33
houstch01w,2012-07-01,PHO,WAS,3,2,2,1,26,18.5,2012,false,143,2.95,0.16,2009-06-07,26.5,2.79
howarna01w,2016-07-02,MIN,SAS,4,1,1,3,21,18.2,2016,false,93,3.22,0.23,2014-05-17,20.0,2.99
humphta01w,2008-06-14,DET,PHO,8,2,0,1,28,24.6,2008,false,6,3.46,0.28,2009-08-22,19.3,3.18
ionessa01w,2022-07-06,NYL,LVA,13,10,0,0,31,36.4,2022,false,54,2.81,0.72,2021-05-18,26.3,2.09
irvinsa01w,2011-07-20,ATL,WAS,11,1,1,1,8,11.9,2011,false,99,3.54,0.19,2005-08-19,12.3,3.35
ivanyda01w,2005-06-30,SAS,SEA,2,2,5,0,14,16.7,2005,false,56,4.22,1.34,2000-07-01,12.0,2.88
iveyni01w,2003-05-31,IND,WAS,1,6,4,0,14,15.8,2003,false,67,3.24,0.56,2003-06-28,13.9,2.68
jacksde01w,2003-07-05,CLE,MIN,1,0,0,0,30,21.1,2003,false,31,3.29,0.46,2003-06-14,18.6,2.83
jacksgw01w,2004-05-20,SAS,HOU,9,3,0,1,17,18.1,2004,false,33,3.34,0.82,2004-07-24,12.8,2.52
jacksla01w,2003-08-12,SEA,SAS,18,1,1,4,32,34.8,2003,false,85,2.86,0.23,2007-07-24,37.3,2.63
jacksta01w,2001-07-02,HOU,POR,9,4,1,0,8,13.0,2001,false,135,3.54,0.06,1999-09-05,14.6,3.48
jacksta02w,2002-07-19,POR,HOU,3,2,2,0,21,18.6,2002,false,70,2.49,0.1,2002-06-18,16.6,2.39
jacksti02w,2008-06-22,NYL,PHO,7,3,0,1,21,19.9,2008,false,47,3.45,0.72,2015-09-13,10.9,2.73
jacobam01w,2006-07-19,MIN,CHI,5,2,1,0,24,19.8,2006,false,87,3.17,0.13,2005-05-25,13.3,3.04
jamesta01w,2007-06-03,WAS,IND,4,4,5,0,17,17.0,2007,false,24,3.67,1.82,2007-05-30,10.0,1.85
januabr01w,2021-08-24,CON,LVA,2,3,3,0,19,18.1,2021,false,407,2.99,0.03,2019-07-10,19.8,2.96
jeffemo01w,2016-07-01,SAS,IND,4,3,5,0,31,29.1,2016,false,15,3.04,0.09,2022-06-19,24.1,2.95
jekaban01w,2009-09-04,CON,NYL,7,4,0,0,23,17.4,2009,false,24,2.83,0.74,2009-08-29,14.1,2.09
joensca01w,2007-07-27,CHI,PHO,4,5,1,0,21,19.6,2007,false,9,3.46,1.01,2007-07-08,15.2,2.45
johanma01w,2022-06-19,NYL,SEA,3,4,1,0,23,21.3,2022,false,22,2.37,0.35,2019-08-30,19.1,2.02
johnsad01w,2003-07-19,CON,PHO,3,0,1,0,15,14.3,2003,false,172,2.96,0.3,2000-08-06,17.8,2.66
johnsgl01w,2019-08-31,DAL,WAS,1,5,4,3,20,23.5,2019,false,202,3.11,0.13,2012-07-12,29.0,2.98
johnsla01w,1999-08-21,UTA,LAS,3,4,1,1,19,15.4,1999,false,58,2.94,0.04,2002-07-23,8.6,2.9
johnsni01w,2000-06-03,CHA,MIA,1,2,0,0,10,8.1,2000,false,36,2.36,0.25,2000-06-01,7.4,2.11
johnspo01w,2004-07-23,HOU,LAS,5,0,1,2,10,12.6,2004,false,131,3.34,0.66,1998-07-17,9.1,2.68
johnssh01w,1999-07-24,ORL,SAC,9,5,3,0,31,30.4,1999,false,18,3.13,0.03,2006-08-12,24.2,3.1
johnssh02w,2013-09-15,SAS,ATL,4,6,1,0,20,20.4,2013,false,68,2.77,0.37,2017-07-01,20.4,2.4
johnste01w,2015-06-23,LAS,WAS,4,10,0,0,17,18.3,2015,false,330,3.12,0.17,2005-06-18,19.5,2.95
johnsti01w,2000-07-21,HOU,DET,15,2,1,2,8,13.2,2000,false,29,2.8,0.43,2001-08-18,13.8,2.37
johnsvi01w,2005-06-01,NYL,WAS,10,6,2,0,23,27.0,2005,false,284,3.82,0.9,2003-07-18,24.5,2.92
jonesal01w,2017-08-18,MIN,IND,3,4,3,0,8,10.4,2017,false,21,2.83,0.78,2019-06-04,7.7,2.05
jonesas01w,2003-08-12,WAS,IND,6,2,1,1,17,20.0,2003,false,65,3.54,0.32,2008-06-27,29.9,3.22
jonesbr01w,2018-06-24,CON,IND,10,1,0,0,18,15.3,2018,false,32,3.65,0.67,2017-09-01,13.1,2.98
jonesch01w,2005-08-12,MIN,SEA,5,6,3,1,16,14.7,2005,false,58,2.91,0.02,2004-07-16,13.0,2.89
jonesja02w,2021-07-03,NYL,WAS,5,0,1,1,17,15.9,2021,false,37,2.17,0.03,2021-06-15,15.6,2.14
jonesjo01w,2018-08-14,CON,DAL,10,3,2,0,27,27.3,2018,false,100,2.42,0.06,2021-08-31,30.3,2.36
jonesma01w,2010-08-21,TUL,CHI,6,2,1,1,14,13.9,2010,false,32,3.32,0.39,2010-07-20,12.5,2.93
jonesme01w,2002-06-15,CLE,IND,5,0,2,0,27,25.4,2002,false,169,3.12,0.68,2002-07-25,19.8,2.44
kellycr01w,2010-08-08,SAS,LAS,3,0,2,0,15,11.9,2010,false,92,3.66,1.04,2008-09-20,15.7,2.62
kiesebr01w,2015-09-13,TUL,PHO,0,5,4,0,28,21.6,2015,false,33,4.71,2.25,2015-09-03,12.1,2.46
kingija01w,2001-06-29,DET,PHO,2,4,2,0,25,22.0,2001,false,10,3.5,0.62,2001-08-10,16.5,2.88
kizerly01w,2015-07-08,IND,SEA,6,0,2,1,17,16.7,2015,false,101,3.3,0.06,2012-09-14,14.1,3.24
kobryew01w,2012-08-23,SEA,IND,2,2,1,1,10,11.3,2012,false,41,2.82,0.28,2014-09-12,9.4,2.54
koehnla01w,2008-05-25,WAS,HOU,0,0,0,0,12,9.0,2008,false,93,3.17,0.27,2005-08-27,10.1,2.9
kraayca01w,2006-07-25,NYL,CHI,10,2,1,0,22,22.2,2006,false,43,2.91,0.02,2011-06-11,18.0,2.89
kuieraw01w,2021-09-07,DAL,CON,8,2,1,5,10,14.7,2021,false,12,3.83,2.21,2022-06-10,7.6,1.62
kukloan01w,1998-07-15,PHO,DET,2,3,0,2,9,7.7,1998,false,13,2.21,0.14,1998-06-21,7.3,2.07
lacyje01w,2013-09-14,TUL,SEA,3,1,0,1,21,15.4,2013,false,236,3.71,0.03,2015-08-23,22.5,3.68
lacyna01w,2011-07-18,LAS,SAS,5,7,3,1,14,14.8,2011,false,27,2.27,0.22,2012-06-01,11.8,2.05
lambesh01w,2004-07-15,HOU,DET,1,4,3,0,19,16.1,2004,false,57,3.46,0.41,2003-07-06,13.8,3.05
lambmo01w,1998-08-02,HOU,SAC,8,1,2,1,16,18.5,1998,false,22,3.1,0.52,1998-07-21,16.0,2.58
laneybe01w,2015-06-19,CHI,ATL,2,2,3,2,10,13.1,2015,false,3,3.1,0.45,2015-08-04,11.4,2.65
langhcr01w,2015-08-08,SEA,SAS,4,1,2,1,29,26.3,2015,false,260,2.98,0.04,2019-07-14,13.9,2.94
larkier01w,2012-08-16,IND,WAS,7,1,3,0,16,19.4,2012,false,68,2.9,0.11,2008-09-09,11.9,2.79
lassiam01w,2001-07-06,HOU,IND,4,2,1,0,15,16.1,2001,false,13,3.25,0.45,2006-07-09,16.6,2.8
lattaiv01w,2008-06-22,ATL,DET,3,10,1,0,26,26.0,2008,false,53,3.32,0.44,2015-08-28,24.7,2.88
lavenja01w,2018-07-20,LAS,IND,6,3,0,0,23,22.3,2018,false,283,3.37,0.23,2011-08-12,21.1,3.14
lawsoed01w,2009-09-05,SAS,LAS,5,11,5,0,11,21.1,2009,false,113,3.12,0.63,2010-06-11,18.8,2.49
lawsoka01w,2004-07-09,SAC,CON,2,4,1,0,21,22.6,2004,false,55,3.16,0.02,2015-07-19,24.5,3.14
lehnish01w,2010-06-15,ATL,CHI,2,9,1,0,10,12.9,2010,false,45,2.06,0.03,2010-08-27,11.9,2.03
lennobe01w,2008-06-27,ATL,CON,9,7,3,0,44,36.6,2008,false,268,3.54,0.79,2005-06-22,21.7,2.75
leslili01w,2006-06-25,LAS,SAS,13,3,3,1,41,39.8,2006,false,321,3.59,0.19,2004-09-09,35.9,3.4
leuchye01w,2010-06-29,ATL,PHO,9,1,0,0,13,12.2,2010,false,23,2.84,0.46,2010-07-27,10.0,2.38
lewisty01w,2004-07-08,CHA,SEA,2,3,2,0,19,18.7,2004,false,88,3.48,1.09,2001-07-06,8.4,2.39
littlca01w,2017-09-17,PHO,LAS,8,4,1,1,18,20.3,2017,true,399,3.76,0.31,2019-07-17,12.7,3.45
lloydan01w,1999-07-01,MIN,LAS,7,6,3,1,11,16.6,1999,false,7,2.31,0.33,1999-06-22,15.0,1.98
lobore01w,1997-08-19,NYL,UTA,9,1,1,5,27,23.9,1997,false,24,3.1,0.49,2002-08-13,8.1,2.61
lovelst01w,2005-08-09,MIN,SAS,6,1,2,1,17,19.2,2005,false,107,3.17,0.36,2001-05-31,13.5,2.81
loydje01w,2016-06-03,SEA,PHO,9,3,2,0,32,30.6,2016,false,40,3.06,0.21,2020-08-20,31.4,2.85
lucasma01w,2015-06-19,IND,NYL,2,2,0,0,23,19.0,2015,false,41,3.9,1.06,2014-08-17,15.0,2.84
luzhe01w,2002-08-24,WAS,NYL,1,3,0,0,16,15.9,2002,true,66,3.05,0.73,2001-06-05,17.0,2.32
lyttlsa01w,2005-08-27,HOU,LAS,8,0,3,0,11,13.9,2005,false,32,3.23,0.26,2016-07-05,25.1,2.97
mabikmw01w,2006-06-18,LAS,SAC,1,1,1,0,27,20.9,2006,false,297,2.57,0.07,2007-07-20,16.8,2.5
mabrema01w,2019-06-06,LAS,CON,2,2,2,1,14,11.9,2019,false,3,2.67,0.5,2022-08-02,20.2,2.17
macchla01w,2004-07-21,LAS,WAS,13,0,2,1,16,14.3,2004,false,21,2.41,0.13,2004-07-31,13.7,2.28
machacl01w,2001-06-02,CHA,LAS,9,4,4,0,10,14.0,2001,false,64,2.8,0.36,2002-07-25,11.3,2.44
magbeez01w,2022-05-18,SEA,CHI,6,4,0,2,21,20.1,2022,false,63,2.24,0.13,2021-08-15,18.7,2.11
mahonme01w,2006-07-22,CON,SAS,6,0,1,0,8,7.1,2006,false,21,2.25,0.11,2007-08-25,6.9,2.14
maigaha01w,2009-08-28,SAC,MIN,2,3,4,0,20,21.0,2009,false,262,3.99,0.22,2004-07-03,15.4,3.77
malcona01w,2001-06-16,IND,MIN,4,1,1,0,25,20.7,2001,false,6,3.2,0.91,2001-07-09,15.6,2.29
malotal01w,2015-06-19,WAS,TUL,5,2,2,0,13,11.5,2015,false,3,2.91,0.51,2016-06-05,9.4,2.4
mannish01w,1998-07-04,CHA,PHO,8,0,0,1,14,14.5,1998,false,38,2.61,0.35,1999-08-07,12.0,2.26
mannkr01w,2006-05-31,MIN,LAS,3,5,0,0,18,19.1,2006,false,27,3.06,0.24,2006-08-01,19.1,2.82
mapprh01w,2003-07-15,LAS,PHO,10,2,2,0,12,15.0,2003,false,163,3.5,0.46,2000-07-29,25.9,3.04
marcimi01w,2002-06-27,SEA,ORL,3,3,1,0,18,15.9,2002,false,64,2.93,0.19,2001-08-08,15.0,2.74
martima01w,2000-06-22,MIN,UTA,7,0,1,1,14,14.2,2000,false,8,3.37,1.22,2001-06-02,9.2,2.15
mascira01w,2005-08-31,LAS,SAC,2,3,1,0,11,10.4,2005,true,51,2.55,0.31,2008-05-31,9.5,2.24
matteka01w,2006-08-12,SAS,PHO,13,0,0,2,24,22.1,2006,false,67,3.22,0.4,2008-07-13,17.2,2.82
mavunst01w,2019-07-12,IND,LAS,5,1,0,1,10,10.7,2019,false,36,2.58,0.01,2019-08-03,10.9,2.57
maxwemo01w,2000-06-28,IND,LAS,7,0,2,0,29,21.3,2000,false,31,2.86,0.39,2000-07-22,18.4,2.47
mazzake01w,2006-08-05,CHA,SEA,4,2,3,2,16,19.1,2006,false,91,3.04,0.22,2004-06-03,9.2,2.82
mcbrika01w,2017-09-02,SAS,IND,11,6,1,0,28,29.3,2017,false,109,2.67,0.03,2016-05-21,26.6,2.64
mccaiti01w,2001-06-16,ORL,PHO,2,5,0,0,13,10.7,2001,false,33,3.59,1.1,2000-07-01,7.7,2.49
mccaler01w,2020-08-05,MIN,NYL,3,2,2,1,10,10.5,2020,false,81,2.88,0.13,2017-08-12,8.8,2.75
mccanra01w,2010-05-27,MIN,CON,7,2,1,0,16,14.1,2010,false,38,2.68,0.37,2010-05-29,12.6,2.31
mccarja01w,2005-06-28,CHA,WAS,7,0,2,1,11,15.1,2005,false,6,4.16,1.41,2007-07-26,25.7,2.75
mccarst01w,2000-06-05,IND,MIA,3,4,5,0,15,18.9,2000,false,32,2.61,0.14,2004-07-14,15.8,2.47
mcconsu01w,1998-08-15,CLE,WAS,5,6,1,0,19,19.2,1998,false,26,2.86,0.39,1998-08-14,17.4,2.47
mccouan01w,2010-09-07,ATL,NYL,3,4,5,1,42,36.2,2010,true,73,2.95,0.06,2013-08-16,34.8,2.89
mccowte01w,2019-08-27,IND,LVA,17,1,0,5,24,25.9,2019,false,29,2.71,0.42,2022-07-28,25.0,2.29
mccrada01w,2011-07-17,CON,IND,1,1,0,0,22,17.4,2011,false,12,2.93,0.49,2012-09-02,12.3,2.44
mccrani01w,2002-06-20,IND,POR,1,1,2,1,30,24.2,2002,false,136,3.32,0.63,2006-05-20,7.9,2.69
mccrini01w,2003-07-24,LAS,PHO,0,0,2,0,12,9.4,2003,false,130,3.21,0.31,2001-08-06,10.6,2.9
mcculda01w,2000-07-15,IND,CLE,3,3,3,0,17,12.7,2000,false,16,2.11,0.08,2000-07-20,12.3,2.03
mcdonaa01w,2022-06-15,ATL,CON,1,5,3,0,19,19.2,2022,false,43,2.69,0.99,2022-06-17,14.4,1.7
mcgeepa01w,1997-06-26,SAC,CHA,7,2,2,0,23,22.6,1997,false,2,3.02,0.8,1998-07-29,15.6,2.22
mcgheca01w,2000-07-06,ORL,IND,3,1,1,0,9,6.7,2000,false,46,2.57,0.17,2000-08-13,6.8,2.4
mckenna01w,2013-08-06,WAS,NYL,1,3,1,0,9,10.1,2013,false,19,2.67,0.13,2013-07-16,9.7,2.54
mckivte01w,2003-06-28,CHA,CON,9,0,0,2,14,16.2,2003,false,11,3.37,0.89,2005-05-28,11.1,2.48
mcwilta01w,2008-06-24,WAS,PHO,8,2,3,0,31,27.8,2008,false,312,2.96,0.37,2008-06-11,25.9,2.59
meessem01w,2014-06-27,WAS,CON,13,2,3,2,22,27.3,2014,false,52,2.93,0.53,2017-07-30,26.2,2.4
melvich01w,2007-08-07,CHI,IND,10,3,1,4,26,26.1,2007,false,305,3.41,0.03,2002-06-21,26.5,3.38
milleco01w,2009-06-07,ATL,WAS,5,2,0,0,17,15.8,2009,false,261,3.32,0.22,2007-08-14,16.2,3.1
milleke01w,2002-06-01,CHA,LAS,7,3,0,0,23,21.6,2002,false,28,3.67,0.58,2011-06-11,16.9,3.09
millsta01w,2000-08-04,WAS,DET,6,0,0,1,17,16.2,2000,false,27,3.92,1.33,2000-07-08,12.0,2.59
miltode01w,2008-07-17,LAS,PHO,6,4,2,1,38,29.5,2008,false,319,3.55,0.16,1999-06-26,24.4,3.39
mitchke01w,2019-09-08,IND,CON,1,2,1,0,38,27.3,2019,false,67,3.06,0.84,2022-07-24,28.0,2.22
mitchle01w,2008-06-06,NYL,HOU,3,7,0,0,18,18.8,2008,false,5,3.49,0.54,2013-06-14,21.5,2.95
mitchti01w,2017-06-18,IND,CHI,4,5,2,0,19,19.9,2017,false,46,2.94,0.38,2016-06-05,19.3,2.56
moeggli01w,2006-07-16,CHI,WAS,4,1,2,1,8,9.0,2006,false,13,2.91,0.14,2006-07-22,8.6,2.77
moisead01w,2002-06-14,PHO,SEA,3,4,1,0,20,18.1,2002,false,12,3.25,1.07,2002-08-04,13.2,2.18
momprbe01w,2021-09-07,CON,DAL,4,1,2,0,6,8.6,2021,false,55,2.76,0.3,2020-08-30,7.6,2.46
montgal01w,2013-06-05,NYL,IND,7,0,2,1,13,13.5,2013,false,62,3.12,0.38,2013-08-06,13.6,2.74
montgre01w,2015-06-06,SEA,LAS,3,5,0,0,19,18.4,2015,false,199,3.07,0.15,2018-08-12,26.6,2.92
mooreje01w,2009-08-08,IND,PHO,8,0,0,0,19,17.0,2009,false,139,4.39,1.02,2007-08-19,12.9,3.37
mooreli01w,2014-05-18,MIN,CON,0,3,2,0,4,5.2,2014,false,29,2.71,0.18,2013-09-12,4.9,2.53
moorelo01w,2009-08-01,NYL,ATL,7,5,4,1,14,18.7,2009,false,148,2.77,0.24,2007-06-03,21.9,2.53
moorema01w,2018-08-09,MIN,LVA,4,5,2,1,34,32.3,2018,false,321,2.85,0.06,2011-08-09,27.4,2.79
moorepe01w,1998-07-21,WAS,CHA,11,5,5,2,17,18.0,1998,false,45,3.13,1.44,1998-06-21,10.8,1.69
mooreta01w,2004-06-18,PHO,LAS,3,4,2,1,9,13.1,2004,false,65,3.14,0.09,2002-05-28,19.5,3.05
mooreyo01w,1998-08-22,HOU,CHA,6,0,0,0,10,11.1,1998,true,44,2.97,0.34,1998-08-17,9.9,2.63
mosbybe01w,2007-06-20,WAS,PHO,13,0,1,3,13,13.5,2007,false,9,3.16,0.64,2009-07-07,9.2,2.52
mosquka01w,2019-06-01,SEA,CHI,1,4,2,0,16,15.4,2019,false,121,3.65,0.62,2019-07-12,11.4,3.03
murphsh01w,2010-05-22,IND,CHI,10,6,1,0,20,20.8,2010,false,79,3.64,0.43,2012-09-16,22.7,3.21
nagyan01w,2002-06-25,SAC,WAS,4,9,1,1,9,11.2,2002,false,90,3.88,1.54,2002-06-27,7.0,2.34
ndiayas01w,2006-07-30,HOU,PHO,8,3,0,0,13,14.3,2006,false,155,3.31,1.28,2001-06-14,19.1,2.03
ndouras01w,2016-06-11,SAS,NYL,9,1,1,5,18,21.3,2016,false,14,3.28,0.53,2016-09-13,16.2,2.75
nemcoev01w,1997-07-23,CLE,LAS,5,3,2,0,23,22.5,1997,false,13,2.4,0.16,1997-08-17,20.8,2.24
nevescl01w,2001-06-23,DET,IND,1,0,3,0,16,13.0,2001,false,69,2.68,0.07,2000-06-21,13.0,2.61
newtoch01w,2008-07-12,SAC,PHO,3,0,2,0,18,15.8,2008,false,122,4.02,0.34,2007-06-16,18.3,3.68
ngoyibe01w,2006-08-12,CHI,CHA,10,0,0,0,23,16.7,2006,false,64,2.73,0.73,2005-08-09,13.1,2
nolande01w,2004-06-09,DET,IND,6,3,6,0,29,29.5,2004,false,104,3.32,0.46,2008-06-20,33.8,2.86
nurseki01w,2018-06-02,NYL,IND,9,4,2,1,34,30.2,2018,false,3,3.36,0.51,2021-07-11,20.8,2.85
nygaava01w,2000-07-28,POR,IND,9,2,1,1,17,16.8,2000,false,29,3.14,0.08,2003-08-08,12.5,3.06
odomle01w,2020-09-13,NYL,DAL,1,1,3,1,20,19.9,2020,false,21,4.04,2.53,2021-06-29,9.6,1.51
ogunbar01w,2020-09-06,DAL,WAS,3,4,1,0,39,31.7,2020,false,51,2.6,0.29,2022-05-19,29.2,2.31
ogwumch01w,2016-07-20,CON,DAL,15,1,4,7,26,32.6,2016,false,52,3.25,1.04,2019-06-15,24.6,2.21
ogwumnn01w,2019-07-07,LAS,WAS,10,1,1,2,31,29.6,2019,false,260,3.02,0.16,2016-06-30,38.7,2.86
oheaje01w,2012-09-04,LAS,MIN,2,4,1,0,15,15.4,2012,false,32,3.38,0.54,2014-06-27,14.1,2.84
ohldeni01w,2007-07-06,MIN,SAC,8,0,1,1,21,21.7,2007,false,121,2.96,0.12,2010-08-14,14.1,2.84
onyenmi01w,2021-05-29,NYL,ATL,5,2,1,0,29,20.9,2021,false,6,3.65,1.34,2022-07-14,9.7,2.31
pagemu01w,2000-08-04,WAS,DET,9,2,4,3,20,25.5,2000,false,90,3.33,0.74,2004-07-17,14.4,2.59
palmewe01w,2000-06-28,DET,SEA,12,1,2,0,32,27.6,2000,false,100,3.28,0.44,2004-06-04,18.9,2.84
parisco01w,2009-08-07,SAC,NYL,5,2,1,1,19,19.8,2009,false,20,3.6,1.01,2018-08-19,8.9,2.59
parkeca01w,2008-07-09,LAS,HOU,16,6,2,5,40,39.2,2008,false,17,3.13,0.46,2018-07-15,32.5,2.67
parkech01w,2016-07-17,CHI,SEA,10,0,0,0,15,13.6,2016,false,47,2.95,0.06,2016-08-26,13.6,2.89
parkji01w,2021-06-17,LVA,NYL,8,3,0,3,7,11.4,2021,false,71,4.3,1.05,2018-06-19,10.9,3.25
payeka01w,2001-06-23,MIN,UTA,2,4,2,0,11,13.1,2001,false,35,3.58,1.14,2001-06-28,9.4,2.44
peddysh01w,2021-09-08,PHO,ATL,3,3,2,1,18,17.4,2021,false,62,2.31,0.22,2020-09-15,13.1,2.09
pederka01w,2012-06-29,TUL,ATL,8,4,2,0,14,14.7,2012,false,46,2.93,0.05,2015-07-12,10.4,2.88
penicti01w,2011-08-09,LAS,TUL,7,7,2,0,23,26.0,2011,false,464,3.35,0.07,2007-07-24,23.0,3.28
perkiji01w,2015-08-08,SAS,SEA,2,5,2,0,32,28.5,2015,false,344,3.52,0.16,2007-06-29,35.2,3.36
perpeer01w,2006-06-29,SAC,MIN,9,0,3,3,25,22.1,2006,false,117,3.25,0.13,2007-07-07,25.1,3.12
perroki01w,1998-07-09,HOU,DET,6,7,5,0,22,17.7,1998,false,42,1.93,0.11,1998-08-06,17.9,1.82
peterde01w,2014-06-29,MIN,SEA,7,3,4,2,12,16.2,2014,false,90,3.3,0.05,2016-05-18,16.0,3.25
peterha01w,2016-09-09,SAS,DAL,5,4,3,0,19,19.8,2016,false,29,3.83,1.76,2016-05-27,12.0,2.07
petroso01w,2016-06-29,PHO,CON,4,1,1,1,22,20.5,2016,false,45,4.12,2.07,2012-07-01,11.0,2.05
pettibr01w,2001-06-02,PHO,MIN,3,5,2,0,26,24.1,2001,false,133,4.29,0.84,1998-08-25,27.4,3.45
philler01w,2014-08-13,PHO,ATL,4,4,0,0,21,17.2,2014,false,210,2.9,0.18,2006-07-25,19.3,2.72
phillta01w,2006-07-27,HOU,PHO,2,0,1,1,16,12.3,2006,false,249,4.21,1.17,2000-06-30,28.0,3.04
pierspl01w,2003-07-15,PHO,LAS,6,2,0,1,26,20.0,2003,false,17,3.09,0.01,2011-06-05,23.5,3.08
plaisth01w,2021-06-17,WAS,ATL,6,3,1,0,25,20.1,2021,false,175,3.85,0.95,2017-06-23,17.6,2.9
plumke01w,2021-06-15,LVA,NYL,5,2,2,0,32,28.1,2021,false,106,2.59,0.25,2018-08-05,21.1,2.34
pohleje01w,2012-10-11,IND,CON,0,2,1,0,14,14.9,2012,true,76,3.53,0.25,2013-09-15,12.8,3.28
pondeca01w,2018-08-19,IND,CHI,2,3,2,0,22,18.7,2018,false,453,3.17,0.19,2010-07-18,36.4,2.98
powelel01w,2008-05-31,DET,IND,6,3,1,0,14,14.6,2008,false,287,3.8,0.46,2002-07-27,23.3,3.34
powelni01w,2005-06-04,SAC,LAS,4,1,2,1,22,23.4,2005,false,35,3.13,0.16,2013-06-28,20.1,2.97
powerae01w,2016-09-04,DAL,WAS,10,3,1,2,21,23.4,2016,false,29,3.23,0.77,2019-07-07,20.7,2.46
prahasa01w,2012-06-23,PHO,LAS,5,5,4,1,22,16.6,2012,false,10,2.35,0.41,2012-06-03,14.5,1.94
pricear01w,2009-07-03,CHI,SAS,3,2,1,0,17,17.2,2009,false,77,3.4,0.2,2008-05-22,22.1,3.2
pridely01w,2001-08-10,MIN,SEA,8,4,0,3,13,15.8,2001,false,61,3.8,0.99,2002-07-13,11.8,2.81
princep01w,2014-06-18,CHI,NYL,1,7,6,2,30,30.7,2014,false,130,2.92,0.21,2014-06-27,28.3,2.71
pringla01w,2008-07-25,PHO,SEA,6,0,1,3,14,16.6,2008,false,20,3.19,0.31,2015-07-17,18.1,2.88
quiglal01w,2008-07-19,PHO,ATL,5,0,3,1,11,10.1,2008,false,9,3.15,0.51,2021-08-21,24.0,2.64
quinnno01w,2009-08-06,LAS,SEA,7,3,2,1,23,22.9,2009,false,83,3.42,0.48,2015-08-12,13.8,2.94
raglafe01w,2002-06-14,SEA,PHO,1,6,3,0,19,18.4,2002,false,6,3.07,0.06,2004-07-15,12.6,3.01
raincna01w,2019-09-03,NYL,WAS,5,1,1,0,12,11.6,2019,false,58,2.82,0.34,2017-06-11,10.2,2.48
randase01w,2004-09-02,SAS,SAC,7,1,1,0,16,12.3,2004,false,121,3.04,0.27,2001-06-12,18.5,2.77
rasmukr01w,2006-08-12,PHO,SAS,9,6,2,2,13,21.3,2006,false,213,4.16,0.85,2000-07-19,19.0,3.31
reddja01w,2001-07-04,SEA,POR,4,1,1,1,18,16.8,2001,false,41,2.55,0.11,2001-08-11,17.6,2.44
reedbr01w,2000-06-22,PHO,CHA,13,6,7,1,32,39.8,2000,false,64,3.12,1.17,2000-06-03,28.4,1.95
reidtr01w,2000-08-05,CHA,UTA,1,1,2,0,21,17.7,2000,false,71,3.72,1.54,2001-07-10,11.8,2.18
reissta01w,1997-08-04,UTA,CHA,2,8,1,0,17,17.7,1997,false,18,2.75,0.88,1998-06-13,13.4,1.87
richadi01w,2021-08-25,NYL,PHO,3,1,0,1,14,11.1,2021,false,24,3.38,1.18,2021-05-24,8.1,2.2
rileyan01w,2011-09-09,TUL,LAS,7,4,2,0,18,14.6,2011,false,61,2.97,0.31,2011-09-11,13.1,2.66
rileyru01w,2009-06-23,SAS,PHO,5,4,0,4,16,19.6,2009,false,297,3.17,0.01,2004-06-12,24.3,3.16
rizzoje01w,2000-06-12,HOU,UTA,1,2,2,0,8,9.2,2000,false,34,2.74,0.18,1999-07-01,8.6,2.56
robinan01w,2017-08-06,PHO,WAS,4,0,0,1,14,11.2,2017,false,37,2.81,0.08,2018-07-13,11.6,2.73
robinas01w,2012-09-14,WAS,ATL,7,3,1,3,8,12.8,2012,false,282,4.12,0.48,2011-07-19,13.1,3.64
robincr01w,1999-08-06,NYL,PHO,6,1,3,1,27,26.4,1999,false,23,3.47,0.64,2002-06-25,25.0,2.83
robinda01w,2011-09-11,SAS,TUL,4,6,2,1,36,32.4,2011,false,33,4.08,0.92,2019-08-25,24.2,3.16
rodgesu01w,2020-07-31,LVA,PHO,1,4,1,0,16,15.8,2020,false,244,3.78,0.92,2018-08-01,16.7,2.86
ruffiti01w,2019-06-08,LAS,MIN,2,5,1,3,17,18.1,2019,false,225,3.15,0.11,2019-07-23,16.9,3.04
russeme01w,2019-07-03,SEA,NYL,5,0,1,1,19,18.2,2019,false,39,2.97,0.34,2021-09-17,18.4,2.63
sabalsa01w,2020-08-25,DAL,LVA,11,2,0,3,28,24.3,2020,false,10,2.52,0.37,2020-07-31,23.0,2.15
salesny01w,2007-08-15,CON,IND,4,2,3,2,32,27.8,2007,false,303,2.95,0.39,2004-10-10,25.9,2.56
samsh01w,2005-08-25,CHA,NYL,7,4,1,0,24,21.7,2005,false,241,2.71,0.22,2005-05-28,19.8,2.49
samueka01w,2021-07-11,LAS,MIN,4,2,3,0,8,11.9,2021,false,37,3.45,0.06,2021-06-24,11.6,3.39
samueka02w,2020-08-16,DAL,PHO,5,4,1,3,11,13.5,2020,false,32,2.28,0.25,2022-05-25,16.7,2.03
sanfona01w,2004-09-15,WAS,SAS,11,0,1,0,17,17.2,2004,false,45,3.82,0.66,2011-08-26,14.9,3.16
sanniol01w,2009-06-08,DET,LAS,5,1,2,0,12,11.8,2009,false,41,2.73,0.03,2009-06-10,11.5,2.7
santoal01w,1998-06-13,WAS,UTA,18,0,2,0,19,16.7,1998,false,1,2.52,0.16,1998-06-21,15.4,2.36
santoke01w,2002-08-06,DET,CHA,7,1,0,3,9,10.2,2002,false,22,3.03,1.33,2001-06-16,6.7,1.7
saundja01w,2001-07-21,PHO,UTA,9,2,1,2,12,12.4,2001,false,16,3.53,1.07,2001-08-10,9.0,2.46
saureau01w,2001-07-03,WAS,SEA,7,3,2,0,7,9.0,2001,false,6,2.49,0.25,2001-07-20,8.2,2.24
schimsh01w,2014-08-13,ATL,PHO,6,3,0,0,24,18.6,2014,false,31,2.56,0.5,2014-07-22,15.3,2.06
schumke01w,2003-07-23,IND,SAS,9,3,0,2,22,22.9,2003,false,81,4.01,1.45,2004-07-25,14.4,2.56
schwege01w,2001-07-13,MIN,NYL,8,4,3,2,14,15.6,2001,false,8,4.08,0.83,2002-08-04,12.9,3.25
scottol01w,2002-07-10,IND,UTA,9,4,0,2,31,30.8,2002,false,118,4.83,1.58,1998-07-27,16.3,3.25
shakiel01w,2000-06-15,HOU,MIA,5,0,0,0,10,9.9,2000,false,5,2.8,0.22,2000-06-24,9.2,2.58
sharpkb01w,2008-07-18,CHI,CON,3,4,1,0,12,14.4,2008,false,148,4.13,0.44,2009-09-04,12.5,3.69
shepaje01w,2022-06-19,MIN,LVA,19,6,0,1,22,28.5,2022,false,43,3.5,1.48,2021-05-18,15.1,2.02
shielas01w,2007-05-19,HOU,SEA,3,3,0,0,19,11.5,2007,false,0,2.93,0.23,2007-06-22,10.4,2.7
shookky01w,2021-07-09,NYL,IND,6,4,0,2,13,16.5,2021,false,39,2.86,0.93,2021-07-11,12.4,1.93
simmome01w,2016-06-12,ATL,CON,0,2,0,0,10,6.4,2016,false,7,2.75,1.03,2016-07-17,4.2,1.72
simsod01w,2017-08-24,LAS,PHO,6,8,3,0,28,28.5,2017,false,120,3.46,0.04,2014-07-22,34.8,3.42
smithai01w,2003-06-24,WAS,CON,6,0,2,1,9,9.2,2003,false,7,2.12,0.15,2004-05-25,8.8,1.97
smithal01w,2020-07-29,PHO,IND,7,2,0,1,14,11.1,2020,false,19,2.78,0.34,2020-08-02,9.8,2.44
smithbr01w,2010-08-20,PHO,SEA,4,0,0,3,10,9.6,2010,false,46,3.27,0.86,2010-06-12,8.0,2.41
smithch02w,2005-08-14,WAS,CON,9,4,3,0,17,16.6,2005,false,228,2.74,0.1,2002-07-19,13.9,2.64
smithch03w,2001-08-08,SEA,HOU,3,4,0,0,8,9.0,2001,false,73,2.9,0.33,2000-08-06,7.5,2.57
smithcr01w,2007-06-24,HOU,PHO,2,3,2,1,18,13.6,2007,false,27,2.59,0.37,2007-07-18,11.8,2.22
smithka01w,2011-09-09,SEA,PHO,3,0,2,0,26,21.4,2011,false,449,3.13,0.27,2009-08-23,25.3,2.86
smithki01w,2006-06-10,SAC,CHI,0,0,1,0,10,8.3,2006,false,6,2.89,0.16,2006-07-30,7.0,2.73
smithta01w,2011-09-22,IND,ATL,9,2,1,4,25,25.6,2011,true,495,4.08,1.29,1998-07-08,19.1,2.79
snellbe01w,2009-06-23,SAS,PHO,4,2,4,0,21,20.3,2009,false,92,4.33,1,2005-08-23,15.6,3.33
snowmi01w,2012-06-20,WAS,PHO,9,2,0,0,21,17.9,2012,false,359,2.88,0.05,2008-06-26,20.9,2.83
spencsi01w,2009-07-22,NYL,CHI,2,0,0,0,15,12.6,2009,false,84,3.3,0.21,2007-08-17,21.5,3.09
spornra01w,1999-07-16,DET,WAS,7,2,3,0,14,15.7,1999,false,44,3.21,0.44,2001-06-29,14.1,2.77
stafftr01w,2001-06-07,HOU,DET,3,2,0,0,7,8.2,2001,false,3,2.46,0.4,2001-08-13,7.2,2.06
staleda01w,2003-08-20,CHA,IND,0,5,2,1,20,22.4,2003,false,172,3.09,0.68,2006-07-27,17.6,2.41
stansti01w,2007-07-12,MIN,HOU,6,2,0,0,13,12.0,2007,false,22,2.61,0.08,2007-07-25,11.7,2.53
starbka01w,2001-06-23,UTA,MIN,2,3,0,0,21,14.2,2001,false,61,3.09,0.11,2000-08-09,13.1,2.98
stedika01w,2001-06-07,SEA,MIA,1,1,3,1,12,13.7,2001,false,34,3.16,0.43,2001-06-09,12.1,2.73
stepama01w,2001-07-01,PHO,IND,9,3,4,5,17,23.7,2001,false,83,2.78,0.29,1998-06-28,10.7,2.49
steveaz01w,2022-06-21,CHI,LVA,7,0,2,1,19,18.4,2022,false,111,2.47,0.02,2020-07-28,21.0,2.45
stewabr01w,2020-10-02,SEA,LVA,15,2,0,4,37,33.1,2020,true,134,2.49,0.04,2022-08-03,32.0,2.45
stileja01w,2001-07-28,POR,LAS,3,4,1,0,32,26.9,2001,false,23,3.27,1.16,2001-06-27,20.1,2.11
stinsan01w,1997-07-09,CHA,NYL,9,6,5,2,29,33.1,1997,false,6,2.99,0.23,2000-07-26,28.5,2.76
stiresh01w,2000-06-08,MIN,ORL,2,2,2,0,9,10.1,2000,false,2,2.86,0.13,2001-06-25,8.9,2.73
stokeki01w,2017-06-04,NYL,PHO,14,0,0,2,23,21.2,2017,false,74,3.07,0.06,2015-09-23,21.3,3.01
streiju01w,2001-07-11,IND,CLE,5,1,4,0,19,17.8,2001,false,38,2.64,0.16,2001-08-01,16.5,2.48
stricsh01w,2013-09-12,SEA,TUL,7,1,2,1,26,24.0,2013,false,69,3.66,0.07,2018-07-22,22.6,3.59
strotan01w,2006-05-20,PHO,SAC,2,2,0,1,12,12.5,2006,false,0,3.25,0.33,2007-07-27,10.8,2.92
suberto01w,1998-07-21,CHA,WAS,1,6,3,0,12,12.7,1998,false,46,2.38,0.07,1998-07-15,12.5,2.31
summela01w,2006-06-20,CON,CHA,5,1,0,0,11,8.3,2006,false,21,3.43,1.35,2006-06-30,5.4,2.08
suttota01w,2011-09-07,IND,WAS,7,0,2,5,15,18.4,2011,false,386,2.99,0.04,2001-06-29,21.8,2.95
swanike01w,2010-07-22,PHO,TUL,2,6,1,0,17,16.5,2010,false,85,4.58,1.05,2009-07-18,12.3,3.53
swoopsh01w,2005-08-09,HOU,SEA,6,3,3,1,34,27.4,2005,false,247,2.5,0.29,1999-07-16,29.1,2.21
swordca01w,2018-07-22,LVA,IND,10,2,0,4,12,17.7,2018,false,198,3.85,0.7,2016-09-16,14.9,3.15
sykesbr01w,2017-09-03,ATL,PHO,5,2,1,1,33,25.7,2017,false,33,3.2,0.54,2017-07-19,23.6,2.66
talbost01w,2019-07-02,MIN,ATL,5,3,1,1,24,22.0,2019,false,84,3.08,0.33,2021-06-04,18.6,2.75
tateso01w,1999-08-11,MIN,UTA,5,4,2,0,19,20.3,1999,false,26,3.1,1.29,1999-08-02,13.3,1.81
tauradi01w,2017-06-01,PHO,CHI,0,4,1,0,37,33.1,2017,false,418,3.1,0.5,2021-09-30,30.6,2.6
tayloas01w,2019-07-10,MIN,CHI,2,2,0,1,13,11.4,2019,false,72,3.82,0.33,2014-05-24,9.8,3.49
taylope01w,2003-08-01,CLE,PHO,5,3,3,2,33,29.3,2003,false,89,3.2,0.08,2002-06-27,25.7,3.12
teaslni01w,2004-09-09,LAS,DET,5,3,2,1,25,20.8,2004,false,110,2.32,0.21,2002-07-20,19.7,2.11
terryka01w,2008-07-19,ATL,PHO,11,1,1,0,16,14.6,2008,false,31,3.17,0.3,2008-07-22,13.3,2.87
thomaal01w,2014-06-25,CON,CHI,11,1,1,0,23,23.7,2014,false,13,2.88,0.53,2014-07-03,20.4,2.35
thomach01w,2006-06-17,LAS,CON,11,3,1,0,16,17.9,2006,false,77,2.97,0.19,2007-06-15,18.5,2.78
thomaja01w,2017-06-29,CON,SEA,4,6,2,0,29,28.2,2017,false,227,2.95,0.1,2019-09-22,25.5,2.85
thomakr01w,2017-08-12,WAS,IND,14,1,0,1,20,21.8,2017,false,153,3.38,0.74,2012-07-07,13.6,2.64
thomala01w,2007-08-12,LAS,MIN,1,2,0,3,23,19.9,2007,false,129,3.3,0.23,2004-09-09,24.5,3.07
thomast01w,2000-07-23,POR,MIN,7,6,7,0,14,14.6,2000,false,22,2.64,0.38,2002-06-28,11.2,2.26
thompal01w,2000-06-03,IND,ORL,15,3,0,0,22,23.1,2000,false,20,3.46,1.01,2001-08-14,15.4,2.45
thompti01w,2013-06-18,SEA,WAS,8,0,1,2,30,25.8,2013,false,512,3.06,0.41,1998-08-17,23.5,2.65
thorner01w,2003-08-01,NYL,DET,1,1,1,0,12,9.7,2003,false,12,3.62,0.22,2006-07-29,23.0,3.4
thornka01w,2022-07-30,DAL,ATL,7,0,2,0,21,20.6,2022,false,189,2.77,0.6,2019-06-28,17.9,2.17
tilliic01w,2006-07-20,NYL,SAC,4,1,1,1,12,7.8,2006,false,46,2.4,0.2,2004-09-14,7.4,2.2
timmsmi01w,1999-07-09,PHO,HOU,1,5,0,0,22,14.7,1999,false,75,2.43,0.31,1998-08-17,14.9,2.12
tokasra01w,2015-06-28,SEA,TUL,3,2,0,2,21,17.4,2015,false,8,3.08,0.7,2016-08-28,12.6,2.38
tolerpe01w,1998-07-12,LAS,CLE,3,9,1,0,22,24.0,1998,false,39,3.04,0.96,1999-06-28,16.3,2.08
tolivkr01w,2015-07-03,LAS,TUL,1,9,1,0,43,33.8,2015,false,201,3.72,0.63,2019-07-24,28.2,3.09
torniel01w,2000-06-25,DET,CHA,6,5,1,0,25,25.0,2000,false,22,3.17,0.99,2001-08-01,18.6,2.18
tremich01w,2000-07-29,IND,UTA,3,4,1,0,12,9.7,2000,false,94,3.42,0.1,1998-07-19,17.4,3.32
tricetr01w,1997-08-23,NYL,CLE,5,0,2,1,17,16.7,1997,false,26,3.9,2.27,1997-07-02,8.2,1.63
tuckmo01w,2018-07-07,CON,LVA,5,2,1,0,20,16.0,2018,false,67,3.28,0.34,2019-09-04,11.9,2.94
turneba01w,2008-06-10,CON,MIN,4,0,1,1,18,14.1,2008,false,67,2.22,0.2,2008-05-17,13.7,2.02
turnebr01w,2021-10-03,PHO,LVA,17,0,0,2,23,23.9,2021,true,90,3.4,0.56,2020-09-03,21.1,2.84
turneyv01w,2019-05-31,PHO,LVA,3,10,2,0,18,19.8,2019,false,79,3.35,0.31,2019-08-04,18.1,3.04
tuvicsl01w,2003-07-29,PHO,NYL,4,4,0,1,17,13.7,2003,false,60,2.65,0.28,2003-08-16,11.4,2.37
tzekopo01w,1999-07-09,HOU,PHO,5,3,0,1,15,10.8,1999,false,13,1.75,0.03,1999-07-11,10.7,1.72
vadeema01w,2019-05-26,LAS,LVA,5,1,2,3,24,16.5,2019,false,26,2.62,0.28,2019-08-04,15.1,2.34
valdeam01w,1999-07-27,HOU,DET,2,2,3,0,12,12.2,1999,false,24,3.48,0.87,1998-08-17,8.3,2.61
vandeco01w,2017-08-05,CHI,ATL,7,10,0,0,26,31.0,2017,false,220,2.73,0.39,2012-08-24,18.3,2.34
vangomi01w,2002-07-24,MIN,UTA,5,3,0,2,18,15.5,2002,false,82,3.2,0.37,2003-06-27,13.6,2.83
vaughki01w,2009-09-10,NYL,DET,4,1,1,0,15,14.0,2009,false,32,3.65,0.23,2009-08-28,12.9,3.42
vealkr01w,2001-07-04,PHO,MIA,1,4,0,0,16,11.4,2001,false,13,2.57,0.71,2002-06-25,8.7,1.86
viviavi01w,2018-07-01,IND,ATL,7,3,0,1,27,24.3,2018,false,16,3.21,0.23,2018-06-27,23.2,2.98
vodicka01w,2005-07-26,PHO,LAS,6,2,0,1,24,22.4,2005,false,170,3.03,0.39,2002-06-23,18.0,2.64
walkeay01w,2005-06-18,DET,CON,10,1,1,1,9,13.1,2005,false,98,3.75,0.25,2005-05-21,12.0,3.5
walkede01w,2002-07-03,POR,CHA,11,4,1,0,18,21.0,2002,false,66,3.53,0.37,2003-07-26,20.6,3.16
walkeme01w,2022-05-11,ATL,LAS,1,1,0,0,11,9.7,2022,false,53,2.83,0.36,2021-06-08,8.4,2.47
walkesh01w,2020-08-14,PHO,ATL,4,4,5,0,20,20.2,2020,false,103,3.14,0.5,2019-06-07,14.1,2.64
warleav01w,2014-08-08,NYL,CON,11,0,0,0,11,12.5,2014,false,74,3.28,0.79,2015-09-11,9.1,2.49
washico01w,2002-07-28,IND,LAS,5,8,2,0,14,16.5,2002,false,135,2.61,0.01,2003-07-29,16.4,2.6
washito01w,2001-06-14,WAS,DET,2,0,1,1,11,10.7,2001,false,24,3.35,0.73,2001-08-10,9.8,2.62
wautean01w,2000-07-28,CLE,DET,9,4,0,4,15,21.1,2000,false,24,2.8,0.39,2005-07-31,23.8,2.41
weathte01w,1999-07-18,NYL,UTA,5,10,5,0,15,24.4,1999,false,74,2.69,0.04,1997-08-15,21.9,2.65
webbum01w,1998-07-04,PHO,CHA,1,1,4,1,15,14.9,1998,false,38,2.52,0.62,1998-07-20,12.0,1.9
weckeke01w,2006-05-31,SAS,PHO,3,2,1,0,18,12.2,2006,false,4,2.32,0.04,2006-06-02,11.9,2.28
whaleli01w,2005-08-18,CON,CHA,2,6,4,0,28,29.3,2005,false,68,3.08,0.19,2010-08-03,28.9,2.89
wheeler01w,2017-08-08,IND,NYL,3,1,2,0,33,26.0,2017,false,84,3.71,0.5,2019-05-28,25.5,3.21
whitcsa01w,2017-05-26,SEA,NYL,4,0,1,0,22,19.6,2017,false,2,3.61,0.26,2021-06-26,28.9,3.35
whitede01w,2004-07-30,NYL,DET,3,1,1,0,10,8.5,2004,false,22,2.39,0.04,2004-09-14,8.4,2.35
whiteer01w,2008-05-30,HOU,SAC,4,3,2,0,13,9.1,2008,false,3,2.37,0.47,2008-05-27,7.7,1.9
whiteta01w,2013-09-06,CON,WAS,3,6,2,1,26,20.3,2013,false,304,3.5,0.12,2006-05-30,21.9,3.38
whitiva01w,1999-06-18,DET,WAS,7,5,5,2,11,16.2,1999,false,3,2.3,0.65,2001-06-12,11.2,1.65
whitmta01w,2001-06-19,NYL,SAC,6,2,2,0,23,20.0,2001,false,80,3.16,0.03,2002-07-08,27.0,3.13
wickssu01w,1997-08-02,NYL,PHO,5,2,0,2,9,11.3,1997,false,18,2.96,0.24,2001-07-28,13.7,2.72
widemja01w,1997-07-03,LAS,CLE,1,6,2,0,16,13.0,1997,false,5,3.06,0.13,1999-08-19,8.1,2.93
wiesesy01w,2017-05-19,LAS,WAS,3,1,0,1,22,16.6,2017,false,1,4.54,1.91,2020-08-07,15.4,2.63
wiggica01w,2012-07-10,MIN,TUL,2,2,2,0,25,21.4,2012,false,131,3.56,0.38,2013-09-01,18.9,3.18
williad01w,2006-05-31,MIN,LAS,5,2,1,0,13,13.5,2006,false,147,2.54,0.16,2006-06-29,12.7,2.38
willian01w,2005-08-19,PHO,SAS,4,2,2,1,11,11.3,2005,false,14,3.88,1.7,2005-07-13,6.8,2.18
willico01w,2019-08-04,CON,NYL,7,6,0,1,28,25.8,2019,false,112,2.49,0.05,2019-09-06,26.0,2.44
williel01w,2019-09-05,ATL,LVA,8,1,2,8,20,23.5,2019,false,159,2.82,0.31,2018-08-07,23.0,2.51
williga01w,2018-06-08,CHI,PHO,2,1,3,0,26,21.4,2018,false,6,3.24,0.75,2022-06-19,19.1,2.49
williki01w,1998-07-19,UTA,WAS,2,4,3,0,19,15.6,1998,false,44,2.34,0.35,1997-06-23,13.5,1.99
willile01w,2013-09-02,ATL,LAS,6,2,2,0,16,15.4,2013,false,331,3.45,0.22,2009-06-13,22.5,3.23
willili01w,2008-07-15,NYL,CON,2,3,2,1,18,17.8,2008,false,74,3.14,0.13,2008-09-02,17.2,3.01
willina01w,2002-08-20,UTA,HOU,8,2,0,2,25,24.2,2002,true,123,2.42,0.02,2003-07-29,22.5,2.4
williri01w,2001-07-01,IND,PHO,9,9,5,1,21,26.2,2001,false,105,2.87,0.4,1998-07-11,12.3,2.47
williri02w,2013-09-08,TUL,SAS,1,3,0,0,51,39.8,2013,false,57,3.94,0.7,2018-06-24,23.4,3.24
willita01w,2000-08-07,POR,UTA,3,2,2,0,15,10.4,2000,false,37,2.98,0.67,2000-06-03,8.6,2.31
willita02w,2007-08-19,MIN,SAS,11,2,2,0,6,10.4,2007,false,189,2.8,0.11,2004-06-05,22.7,2.69
wilsoa01w,2019-06-29,LVA,IND,11,5,0,1,39,35.3,2019,false,44,2.78,0.51,2018-06-12,31.6,2.27
wisdoli01w,2010-08-04,LAS,CHI,13,0,1,2,16,14.9,2010,false,53,3.74,1.2,2012-09-16,13.2,2.54
witheso01w,2002-06-03,LAS,POR,2,0,2,0,19,17.7,2002,false,165,2.9,0.19,2000-07-02,24.7,2.71
wolteka01w,2000-08-03,IND,WAS,8,2,2,3,15,18.0,2000,false,38,2.43,0.06,2000-08-04,17.7,2.37
woodaly01w,1998-08-19,DET,NYL,9,3,2,0,18,19.1,1998,false,54,4.04,0.42,1997-07-07,23.7,3.62
wooslti01w,1998-08-17,HOU,WAS,1,3,1,0,7,7.4,1998,false,44,2.4,0.14,1998-07-09,7.1,2.26
wrighmo01w,2010-06-01,MIN,PHO,1,2,0,1,32,23.1,2010,false,6,2.71,0.09,2013-07-09,20.4,2.62
wrighsh01w,2005-05-26,PHO,CHA,3,1,0,0,17,16.3,2005,false,26,3.34,0.47,2004-06-01,14.4,2.87
wrighta01w,2007-07-07,SEA,SAS,2,4,2,0,23,18.9,2007,false,89,3.69,0.39,2005-08-27,14.4,3.3
wyckobr01w,2007-05-31,CHI,CON,7,10,2,2,9,19.0,2007,false,162,4.19,0.78,2009-06-23,12.4,3.41
xargama01w,2015-08-07,PHO,MIN,2,3,0,0,15,13.8,2015,false,6,2.82,0.98,2016-07-10,10.0,1.84
xuha01w,2022-07-06,NYL,LVA,8,3,0,0,24,24.1,2022,false,34,3.5,1.49,2022-06-10,16.1,2.01
yamasli01w,2002-06-09,MIA,WAS,3,1,0,0,12,9.6,2002,false,1,3.53,1.93,2002-06-11,4.7,1.6
youngca01w,2002-07-21,POR,PHO,0,0,0,0,10,8.0,2002,false,36,1.85,0.22,2001-07-22,7.3,1.63
youngja01w,2020-09-03,LVA,CON,4,9,4,1,20,22.2,2020,false,55,2.18,0.18,2021-09-08,24.5,2
youngso01w,2015-07-10,SAS,IND,7,2,2,0,27,24.5,2015,false,304,3,0.42,2008-07-11,28.3,2.58
youngta01w,2019-07-30,LVA,DAL,6,3,2,0,18,19.9,2019,false,376,3.18,0.05,2008-06-29,20.5,3.13
youngto01w,2013-07-09,NYL,SEA,4,1,0,1,8,8.3,2013,false,12,2.31,0.36,2013-07-07,7.3,1.95
zahuiam01w,2019-06-15,NYL,LAS,7,1,1,3,37,34.9,2019,false,133,4.22,0.73,2015-09-13,17.9,3.49
zandace01w,2018-06-16,MIN,NYL,3,2,3,0,13,13.3,2018,false,13,3.07,1.05,2018-06-09,9.5,2.02
zarafr01w,2005-06-08,SEA,DET,4,3,2,1,9,8.3,2005,false,6,2.14,0.17,2005-08-12,7.8,1.97
zellosh01w,2017-06-16,NYL,DAL,8,6,2,1,28,28.6,2017,false,302,3.64,0.15,2011-06-21,19.3,3.49
zolmash01w,2007-08-04,SAS,LAS,1,1,0,0,26,18.2,2007,false,60,2.94,0.72,2010-08-19,17.3,2.22
