id,family,description,count_2009,share_2009,count_2010,share_2010,count_2011,share_2011,count_2012,share_2012,count_2013,share_2013,count_2014,share_2014,count_2015,share_2015,count_2016,share_2016,count_2017,share_2017,count_2018,share_2018,count_2019,share_2019
lol,lol,,63719,0.24246748,241274,0.28669647,882509,0.33900448,2083298,0.35558406,3281948,0.37271772,5020118,0.39813165,7548949,0.43376563,10467043,0.47207181,15189198,0.50227697,21404140,0.52110200,12263438,0.52432395
haha,ha,,50889,0.19364597,196208,0.23314630,647712,0.24881023,1629267,0.27808857,2507590,0.28477698,3349881,0.26566978,4059995,0.23328894,4445584,0.20049931,5328650,0.17620800,6502422,0.15830700,3413330,0.14593711
LOL,lol,,26038,0.09908141,70148,0.08335413,196477,0.07547411,368135,0.06283448,466509,0.05297956,633184,0.05021607,859447,0.04938417,1076547,0.04855311,1319891,0.04364620,1574734,0.03833824,779184,0.03331405
ha,ha,,20930,0.07964413,56167,0.06674105,139746,0.05368163,301229,0.05141474,463033,0.05258481,647988,0.05139013,813667,0.04675363,841035,0.03793134,955275,0.03158907,1131222,0.02754056,586156,0.02506113
heh,other,,20283,0.07718213,45803,0.05442592,98599,0.03787554,177181,0.03024183,244618,0.02778029,314737,0.02496092,366573,0.02106343,366292,0.01652006,362392,0.01198359,365398,0.00889593,170043,0.00727020
haahahha,ha,"keyboard smash ""haha""",11282,0.04293096,33157,0.03939917,94499,0.03630058,195952,0.03344572,276116,0.03135739,371280,0.02944519,471774,0.02710832,591297,0.02666796,842984,0.02787583,1045384,0.02545076,558478,0.02387776
hahaha,ha,,11098,0.04223080,37041,0.04401437,118369,0.04546993,271260,0.04629954,381512,0.04332679,511807,0.04059000,635822,0.03653459,738277,0.03329687,957848,0.03167415,1205741,0.02935479,672277,0.02874324
hah,ha,,8840,0.03363852,25409,0.03019252,61711,0.02370549,128889,0.02199919,178680,0.02029197,211894,0.01680473,247544,0.01422398,258246,0.01164710,277626,0.00918055,302927,0.00737502,150753,0.00644545
hehe,other,,6847,0.02605463,18592,0.02209215,42935,0.01649293,87509,0.01493632,133996,0.01521739,180379,0.01430536,209152,0.01201796,229690,0.01035920,265861,0.00879150,324414,0.00789813,194870,0.00833168
ha ha,ha,,6148,0.02339475,13397,0.01591913,27305,0.01048886,50370,0.00859731,67225,0.00763447,86151,0.00683240,104345,0.00599571,118664,0.00535184,142049,0.00469728,178563,0.00434727,69334,0.00296438
bahaha,ha,"multiple ""ha""",5368,0.02042665,14030,0.01667130,31301,0.01202388,54701,0.00933654,69759,0.00792225,83679,0.00663635,109454,0.00628927,124060,0.00559520,159135,0.00526228,180685,0.00439893,90319,0.00386159
lulz,lol,"ending with 1+ ""z""",4803,0.01827667,11879,0.01411535,31549,0.01211914,38483,0.00656840,33668,0.00382354,36784,0.00291724,44008,0.00252872,51407,0.00231850,60470,0.00199962,58175,0.00141632,25604,0.00109470
HAAHAHHA,ha,"keyboard smash ""haha""",4167,0.01585653,13061,0.01551988,30990,0.01190441,54191,0.00924950,70346,0.00798891,90010,0.00713844,111202,0.00638971,133984,0.00604278,165412,0.00546985,182502,0.00444317,92663,0.00396181
HA,ha,,3219,0.01224914,8654,0.01028321,22251,0.00854744,44902,0.00766402,84161,0.00955783,161528,0.01281034,154027,0.00885045,217089,0.00979088,198031,0.00654850,161710,0.00393697,78187,0.00334289
hahah,ha,,2275,0.00865697,8031,0.00954292,25078,0.00963339,56743,0.00968508,79167,0.00899068,105697,0.00838254,129615,0.00744773,147435,0.00664943,183075,0.00605393,235213,0.00572646,136011,0.00581516
HAHA,ha,,2019,0.00768282,6422,0.00763101,17260,0.00663021,33568,0.00572950,39156,0.00444679,44051,0.00349356,54247,0.00311705,57684,0.00260159,66468,0.00219797,75688,0.00184269,38234,0.00163470
lmao,acronym,"ending with 1+ ""o""",1596,0.00607320,5976,0.00710105,23776,0.00913324,58715,0.01002167,100543,0.01141827,257389,0.02041281,701619,0.04031531,1283686,0.05789524,2364975,0.07820508,4215283,0.10262465,2790380,0.11930285
LMAO,acronym,"ending with 1+ ""o""",1567,0.00596285,3667,0.00435735,10174,0.00390821,18963,0.00323667,25140,0.00285505,45362,0.00359753,94666,0.00543955,161134,0.00726727,256263,0.00847411,408196,0.00993788,242683,0.01037592
ROFL,acronym,"ending with 1+ ""l""",1549,0.00589435,3186,0.00378580,7399,0.00284223,11653,0.00198897,14052,0.00159583,19235,0.00152547,30800,0.00176978,35177,0.00158651,35986,0.00118999,40105,0.00097639,17891,0.00076493
hehehe,other,"3+ ""he""",1536,0.00584488,4356,0.00517606,10128,0.00389054,20678,0.00352939,37892,0.00430324,52608,0.00417219,52745,0.00303075,51591,0.00232679,67415,0.00222928,82043,0.00199741,44997,0.00192385
rofl,acronym,"ending with 1+ ""l""",1404,0.00534259,3974,0.00472215,12656,0.00486164,22143,0.00377944,28918,0.00328410,45280,0.00359103,80537,0.00462769,91298,0.00411761,89622,0.00296362,93936,0.00228695,41526,0.00177545
HAHAHA,ha,,1369,0.00520940,4046,0.00480770,10303,0.00395776,19032,0.00324844,23443,0.00266233,28634,0.00227088,34299,0.00197083,40956,0.00184715,49506,0.00163707,55572,0.00135295,27366,0.00117003
HA HA,ha,,1019,0.00387756,2016,0.00239553,4514,0.00173400,7350,0.00125452,8471,0.00096202,8762,0.00069489,11806,0.00067838,14684,0.00066226,16604,0.00054906,17288,0.00042089,3554,0.00015195
HAH,ha,,781,0.00297191,1974,0.00234563,4820,0.00185154,9744,0.00166314,12404,0.00140867,13235,0.00104963,17399,0.00099975,15400,0.00069455,16090,0.00053206,17421,0.00042413,8860,0.00037881
lolol,lol,"2+ ""lol""",671,0.00255333,2729,0.00324276,13081,0.00502490,27287,0.00465743,31833,0.00361515,41822,0.00331679,59647,0.00342734,77346,0.00348837,109187,0.00361060,137442,0.00334614,75318,0.00322023
BAHAHA,ha,"multiple ""ha""",666,0.00253430,2011,0.00238959,5378,0.00206589,10425,0.00177937,18758,0.00213027,35241,0.00279487,51805,0.00297674,58015,0.00261652,69831,0.00230917,71426,0.00173893,30575,0.00130724
LOLOL,lol,"2+ ""lol""",543,0.00206626,1955,0.00232305,8507,0.00326785,17344,0.00296033,15375,0.00174608,15611,0.00123807,19124,0.00109887,22885,0.00103213,26286,0.00086923,26664,0.00064916,13391,0.00057253
LMFAO,acronym,"ending with 1+ ""o""",451,0.00171617,1335,0.00158633,4929,0.00189341,11954,0.00204035,11844,0.00134508,15990,0.00126812,28434,0.00163383,44221,0.00199440,67517,0.00223265,107039,0.00260596,65732,0.00281038
LULZ,lol,"ending with 1+ ""z""",395,0.00150308,811,0.00096368,1967,0.00075560,2588,0.00044173,2138,0.00024280,2797,0.00022182,3364,0.00019330,3249,0.00014653,3810,0.00012599,3784,0.00009212,1397,0.00005973
lmfao,acronym,"ending with 1+ ""o""",322,0.00122529,1133,0.00134630,5263,0.00202171,13991,0.00238803,21997,0.00249811,42605,0.00337888,93584,0.00537737,166908,0.00752768,282716,0.00934886,473766,0.01153424,297726,0.01272929
jaja,other,"2+ ""ja""",243,0.00092468,891,0.00105874,3265,0.00125421,8626,0.00147231,10276,0.00116700,20426,0.00161993,36545,0.00209989,40843,0.00184205,52696,0.00174255,81502,0.00198424,45130,0.00192954
ded,text,"ending with 1+ ""d""",152,0.00057840,305,0.00036242,974,0.00037415,2701,0.00046102,6893,0.00078281,17553,0.00139208,33512,0.00192561,48477,0.00218635,71011,0.00234819,92622,0.00225496,43524,0.00186087
HAHAH,ha,,152,0.00057840,448,0.00053234,1337,0.00051359,2398,0.00040930,3040,0.00034524,3738,0.00029645,4242,0.00024375,4827,0.00021770,6035,0.00019957,6942,0.00016901,3666,0.00015674
lool,lol,"multiple ""o""",147,0.00055937,537,0.00063810,2804,0.00107712,5945,0.00101471,8817,0.00100131,15246,0.00120912,26904,0.00154591,38707,0.00174572,63326,0.00209407,94034,0.00228934,53223,0.00227555
LOOL,lol,"multiple ""o""",111,0.00042238,450,0.00053472,2208,0.00084817,3918,0.00066874,4608,0.00052331,7804,0.00061891,12695,0.00072946,16530,0.00074552,21951,0.00072588,36141,0.00087988,16098,0.00068827
HEH,other,,58,0.00022071,123,0.00014616,406,0.00015596,797,0.00013603,1100,0.00012492,1579,0.00012523,2368,0.00013607,3080,0.00013891,2353,0.00007781,2633,0.00006410,1352,0.00005780
HEHEHE,other,"3+ ""he""",37,0.00014079,89,0.00010576,208,0.00007990,763,0.00013023,918,0.00010425,1057,0.00008383,1006,0.00005781,1098,0.00004952,1788,0.00005913,2035,0.00004954,977,0.00004177
JAJA,other,"2+ ""ja""",32,0.00012177,105,0.00012477,283,0.00010871,726,0.00012392,796,0.00009040,1545,0.00012253,2580,0.00014825,2736,0.00012340,3181,0.00010519,5277,0.00012847,2888,0.00012348
HEHE,other,,32,0.00012177,66,0.00007843,229,0.00008797,489,0.00008346,668,0.00007586,864,0.00006852,1150,0.00006608,1273,0.00005741,1675,0.00005539,1832,0.00004460,978,0.00004181
DED,text,"ending with 1+ ""d""",20,0.00007611,59,0.00007011,243,0.00009335,783,0.00013364,1585,0.00018000,2570,0.00020382,3730,0.00021433,4685,0.00021130,5719,0.00018912,5937,0.00014454,3182,0.00013605
lel,lol,,11,0.00004186,38,0.00004515,71,0.00002727,3247,0.00055421,31560,0.00358414,57959,0.00459657,74459,0.00427844,74744,0.00337101,75443,0.00249475,62969,0.00153303,27533,0.00117717
LEL,lol,,5,0.00001903,13,0.00001545,23,0.00000884,868,0.00014815,4899,0.00055636,5111,0.00040534,4449,0.00025564,4681,0.00021112,5331,0.00017629,3954,0.00009626,1379,0.00005896
kek,other,,,,,,,,,,,,,,,,,,,,,,22470,0.00096071
kiki,other,"2+ ""ki""",,,,,,,,,,,,,,,,,,,,,18832,0.00080516
i’m laughing,text,,,,,,,,,,,,,,,,,,,,,,17765,0.00075954
ha ha ha,ha,,,,,,,,,,,,,,,,,,,,,,16476,0.00070443
heheh,other,"2+ ""heh""",,,,,,,,,,,,,,,,,,,,,15070,0.00064432
can’t stop laughing,text,,,,,,,,,,,,,,,,,,,,,,12385,0.00052952
haaah,ha,"multiple ""a"", optional ""h""",,,,,,,,,,,,,,,,,,,,,11187,0.00047830
mwahah,ha,"ending with 2+ ""ha""",,,,,,,,,,,,,,,,,,,,,9471,0.00040493
teehee,other,,,,,,,,,,,,,,,,,,,,,,8691,0.00037158
muahaha,ha,"ending with 2+ ""ha""",,,,,,,,,,,,,,,,,,,,,8616,0.00036838
ha ha ha ha,ha,"4+ ""ha""",,,,,,,,,,,,,,,,,,,,,6578,0.00028124
KEK,other,,,,,,,,,,,,,,,,,,,,,,6320,0.00027021
huehue,other,"2+ ""hue""",,,,,,,,,,,,,,,,,,,,,6215,0.00026572
haa,ha,,,,,,,,,,,,,,,,,,,,,,4592,0.00019633
lawl,lol,,,,,,,,,,,,,,,,,,,,,,4461,0.00019073
HAAAH,ha,"multiple ""a"", optional ""h""",,,,,,,,,,,,,,,,,,,,,3881,0.00016593
keke,other,"2+ ""ke""",,,,,,,,,,,,,,,,,,,,,3354,0.00014340
ROFLMAO,acronym,"ending with 1+ ""o""",,,,,,,,,,,,,,,,,,,,,3018,0.00012903
roflmao,acronym,"ending with 1+ ""o""",,,,,,,,,,,,,,,,,,,,,2907,0.00012429
luls,lol,"ending with 1+ ""s""",,,,,,,,,,,,,,,,,,,,,2351,0.00010052
HA HA HA,ha,,,,,,,,,,,,,,,,,,,,,,2187,0.00009351
buhaha,ha,"multiple ""ha""",,,,,,,,,,,,,,,,,,,,,2182,0.00009329
sksksk,other,"2+ ""sk""",,,,,,,,,,,,,,,,,,,,,1850,0.00007910
MUAHAHA,ha,"ending with 2+ ""ha""",,,,,,,,,,,,,,,,,,,,,1692,0.00007234
HA HA HA HA,ha,"4+ ""ha""",,,,,,,,,,,,,,,,,,,,,1629,0.00006965
MWAHAH,ha,"ending with 2+ ""ha""",,,,,,,,,,,,,,,,,,,,,1569,0.00006708
l0l,lol,"ending with 1+ ""l'",,,,,,,,,,,,,,,,,,,,,1398,0.00005977
lawlz,lol,"ending with 1+ ""z""",,,,,,,,,,,,,,,,,,,,,1283,0.00005485
i chortled,text,,,,,,,,,,,,,,,,,,,,,,988,0.00004224
HAA,ha,,,,,,,,,,,,,,,,,,,,,,911,0.00003895
pmsl,acronym,,,,,,,,,,,,,,,,,,,,,,710,0.00003036
i’m actually laughing,text,,,,,,,,,,,,,,,,,,,,,,698,0.00002984
LAWL,lol,,,,,,,,,,,,,,,,,,,,,,665,0.00002843
ctfu,acronym,,,,,,,,,,,,,,,,,,,,,,617,0.00002638
HUEHUE,other,"2+ ""hue""",,,,,,,,,,,,,,,,,,,,,597,0.00002552
L0L,lol,"ending with 1+ ""l'",,,,,,,,,,,,,,,,,,,,,460,0.00001967
BUHAHA,ha,"multiple ""ha""",,,,,,,,,,,,,,,,,,,,,381,0.00001629
SKSKSK,other,"2+ ""sk""",,,,,,,,,,,,,,,,,,,,,373,0.00001595
i literally loled,text,,,,,,,,,,,,,,,,,,,,,,356,0.00001522
huahua,other,"2+ ""hua""",,,,,,,,,,,,,,,,,,,,,325,0.00001390
eksdee,other,"ending with 1+ ""e""",,,,,,,,,,,,,,,,,,,,,318,0.00001360
lelel,lol,"2+ ""lel""",,,,,,,,,,,,,,,,,,,,,300,0.00001283
CAN’T STOP LAUGHING,text,,,,,,,,,,,,,,,,,,,,,,283,0.00001210
PMSL,acronym,,,,,,,,,,,,,,,,,,,,,,282,0.00001206
HEHEH,other,"2+ ""heh""",,,,,,,,,,,,,,,,,,,,,280,0.00001197
I’M LAUGHING,text,,,,,,,,,,,,,,,,,,,,,,261,0.00001116
TEEHEE,other,,,,,,,,,,,,,,,,,,,,,,255,0.00001090
KIKI,other,"2+ ""ki""",,,,,,,,,,,,,,,,,,,,,255,0.00001090
i actually burst out laughing,text,,,,,,,,,,,,,,,,,,,,,,228,0.00000975
KEKE,other,"2+ ""ke""",,,,,,,,,,,,,,,,,,,,,150,0.00000641
my stomach hurts from laughing,text,,,,,,,,,,,,,,,,,,,,,,141,0.00000603
CTFU,acronym,,,,,,,,,,,,,,,,,,,,,,111,0.00000475
muehehe,other,"ending with 2+ ""he""",,,,,,,,,,,,,,,,,,,,,97,0.00000415
LAWLZ,lol,"ending with 1+ ""z""",,,,,,,,,,,,,,,,,,,,,69,0.00000295
EKSDEE,other,"ending with 1+ ""e""",,,,,,,,,,,,,,,,,,,,,61,0.00000261
LELEL,lol,"2+ ""lel""",,,,,,,,,,,,,,,,,,,,,47,0.00000201
LULS,lol,"ending with 1+ ""s""",,,,,,,,,,,,,,,,,,,,,41,0.00000175
HUAHUA,other,"2+ ""hua""",,,,,,,,,,,,,,,,,,,,,29,0.00000124
dehd,text,"ending with 1+ ""d""",,,,,,,,,,,,,,,,,,,,,29,0.00000124
lolle,lol,,,,,,,,,,,,,,,,,,,,,,28,0.00000120
i’m literally cracking up,text,,,,,,,,,,,,,,,,,,,,,,16,0.00000068
that’s so jokes,text,,,,,,,,,,,,,,,,,,,,,,8,0.00000034
MUEHEHE,other,"ending with 2+ ""he""",,,,,,,,,,,,,,,,,,,,,7,0.00000030
MY STOMACH HURTS FROM LAUGHING,text,,,,,,,,,,,,,,,,,,,,,,6,0.00000026
I’M ACTUALLY LAUGHING,text,,,,,,,,,,,,,,,,,,,,,,6,0.00000026
I CHORTLED,text,,,,,,,,,,,,,,,,,,,,,,5,0.00000021
DEHD,text,"ending with 1+ ""d""",,,,,,,,,,,,,,,,,,,,,5,0.00000021
you just mad eme laugh like an idiot,text,,,,,,,,,,,,,,,,,,,,,,3,0.00000013
actulol,lol,,,,,,,,,,,,,,,,,,,,,,3,0.00000013
qltm,acronym,,,,,,,,,,,,,,,,,,,,,,2,0.00000009
that’s literally so funny,text,,,,,,,,,,,,,,,,,,,,,,2,0.00000009
QLTM,acronym,,,,,,,,,,,,,,,,,,,,,,1,0.00000004
I LITERALLY LOLED,text,,,,,,,,,,,,,,,,,,,,,,1,0.00000004
LOLLE,lol,,,,,,,,,,,,,,,,,,,,,,0,0.00000000
THAT’S LITERALLY SO FUNNY,text,,,,,,,,,,,,,,,,,,,,,,0,0.00000000
I’M LITERALLY CRACKING UP,text,,,,,,,,,,,,,,,,,,,,,,0,0.00000000
THAT’S SO JOKES,text,,,,,,,,,,,,,,,,,,,,,,0,0.00000000
YOU JUST MAD EME LAUGH LIKE AN IDIOT,text,,,,,,,,,,,,,,,,,,,,,,0,0.00000000
I ACTUALLY BURST OUT LAUGHING,text,,,,,,,,,,,,,,,,,,,,,,0,0.00000000
ACTULOL,lol,,,,,,,,,,,,,,,,,,,,,,0,0.00000000